{'fish': '0.99496967'},https://i.imgur.com/rqeoiLw.jpg,2022-05-16 17:40:39.487477,1
{'fish': '0.9949173'},https://i.imgur.com/eDlsb0Y.jpg,2022-05-16 17:46:13.037969,1
{'fish': '0.9915575'},https://i.imgur.com/ckgTsCM.jpg,2022-05-16 18:07:06.090837,1
{'fish': '0.502524'},https://i.imgur.com/nSdZbjA.jpg,2022-05-16 18:07:12.787699,1
{'fish': '0.5643648'},https://i.imgur.com/oifiSi1.jpg,2022-05-16 18:07:18.861228,1
{'fish': '0.5993303'},https://i.imgur.com/X7tbgSL.jpg,2022-05-16 18:07:24.168281,1
"{'fish': 'tf.Tensor(0.6461149', 'no_fish': '0.3538851]],'}",https://i.imgur.com/z6SXRCu.jpg,2022-05-18 17:46:03.759685,1
"{'fish': 'tf.Tensor(0.99909914', 'no_fish': '0.00090084]],'}",https://i.imgur.com/XqWXELP.png,2022-05-18 17:46:09.345517,1
"{'fish': 'tf.Tensor(0.9987717', 'no_fish': '0.00122829]],'}",https://i.imgur.com/eosDsUv.png,2022-05-18 17:46:12.999315,1
"{'fish': 'tf.Tensor(0.9987717', 'no_fish': '0.00122829]],'}",https://i.imgur.com/89yzR97.png,2022-05-18 17:46:16.800783,1
"{'fish': 'tf.Tensor(0.9991055', 'no_fish': '0.00089443]],'}",https://i.imgur.com/9V0Z6pi.png,2022-05-18 17:46:20.758678,1
"{'fish': 'tf.Tensor(0.9990662', 'no_fish': '0.00093379]],'}",https://i.imgur.com/KNCqVac.png,2022-05-18 17:46:53.679114,1
"{'fish': 'tf.Tensor(0.99859947', 'no_fish': '0.00140058]],'}",https://i.imgur.com/Jii3y0r.png,2022-05-18 17:46:57.978966,1
"{'fish': 'tf.Tensor(0.99879456', 'no_fish': '0.00120544]],'}",https://i.imgur.com/LMxDDh3.png,2022-05-18 17:48:15.635058,1
"{'fish': 'tf.Tensor(0.9986004', 'no_fish': '0.00139952]],'}",https://i.imgur.com/aXb6Nhg.png,2022-05-18 17:48:19.723571,1
"{'fish': 'tf.Tensor(0.66326255', 'no_fish': '0.3367374'}",https://i.imgur.com/Xtq8GXd.jpg,2022-05-18 17:48:43.317736,1
"{'fish': 'tf.Tensor(0.7793347', 'no_fish': '0.22066523]],'}",https://i.imgur.com/uPovTEh.png,2022-05-18 17:48:58.245053,1
"{'fish': 'tf.Tensor(0.97962797', 'no_fish': '0.0203721'}",https://i.imgur.com/rf7UGAF.jpg,2022-05-18 17:49:03.291196,1
"{'fish': 'tf.Tensor(0.5124959', 'no_fish': '0.48750412]],'}",[uploaded_image.link],2023-01-26 17:04:24.024966,1
"{'fish': 'tf.Tensor(0.5596465', 'no_fish': '0.44035354]],'}",[uploaded_image.link],2023-01-26 17:04:26.425239,1
"{'fish': 'tf.Tensor(0.9626653', 'no_fish': '0.03733469]],'}",[uploaded_image.link],2023-01-26 17:28:13.832534,1
"{'fish': 'tf.Tensor(0.9717495', 'no_fish': '0.02825052]],'}",[uploaded_image.link],2023-01-26 17:28:15.909490,1
"{'fish': 'tf.Tensor(0.9635172', 'no_fish': '0.03648277]],'}",[uploaded_image.link],2023-01-26 17:28:17.336542,1
"{'fish': 'tf.Tensor(0.88512933', 'no_fish': '0.11487062]],'}",[uploaded_image.link],2023-01-26 17:28:20.359672,1
"{'fish': 'tf.Tensor(0.92804354', 'no_fish': '0.0719564'}",[uploaded_image.link],2023-01-26 17:28:21.732424,1
"{'fish': 'tf.Tensor(0.94005996', 'no_fish': '0.0599401'}",[uploaded_image.link],2023-01-26 17:28:23.233399,1
"{'fish': 'tf.Tensor(0.95046973', 'no_fish': '0.04953026]],'}",[uploaded_image.link],2023-01-26 17:28:24.544927,1
"{'fish': 'tf.Tensor(0.8762681', 'no_fish': '0.1237319]],'}",[uploaded_image.link],2023-01-26 17:28:25.932750,1
"{'fish': 'tf.Tensor(0.91098714', 'no_fish': '0.0890129'}",[uploaded_image.link],2023-01-26 17:28:27.374850,1
"{'fish': 'tf.Tensor(0.9160013', 'no_fish': '0.08399865]],'}",[uploaded_image.link],2023-01-26 17:28:29.003929,1
"{'fish': 'tf.Tensor(0.9159329', 'no_fish': '0.08406712]],'}",[uploaded_image.link],2023-01-26 17:28:30.855197,1
"{'fish': 'tf.Tensor(0.93173295', 'no_fish': '0.06826706]],'}",[uploaded_image.link],2023-01-26 17:28:32.183381,1
"{'fish': 'tf.Tensor(0.96640176', 'no_fish': '0.0335982'}",[uploaded_image.link],2023-01-26 17:28:33.614396,1
"{'fish': 'tf.Tensor(0.9483217', 'no_fish': '0.05167836]],'}",[uploaded_image.link],2023-01-26 17:28:37.865295,1
"{'fish': 'tf.Tensor(0.94229066', 'no_fish': '0.05770928]],'}",[uploaded_image.link],2023-01-26 17:28:39.252334,1
"{'fish': 'tf.Tensor(0.96778977', 'no_fish': '0.03221026]],'}",[uploaded_image.link],2023-01-26 17:28:40.775073,1
"{'fish': 'tf.Tensor(0.93905467', 'no_fish': '0.06094541]],'}",[uploaded_image.link],2023-01-26 17:28:42.216263,1
"{'fish': 'tf.Tensor(0.87181944', 'no_fish': '0.12818058]],'}",[uploaded_image.link],2023-01-26 17:28:43.543157,1
"{'fish': 'tf.Tensor(0.91196483', 'no_fish': '0.0880352'}",[uploaded_image.link],2023-01-26 17:28:44.878145,1
"{'fish': 'tf.Tensor(0.9280745', 'no_fish': '0.07192554]],'}",[uploaded_image.link],2023-01-26 17:28:46.196713,1
"{'fish': 'tf.Tensor(0.89932454', 'no_fish': '0.10067546]],'}",[uploaded_image.link],2023-01-26 17:28:47.511953,1
"{'fish': 'tf.Tensor(0.9340654', 'no_fish': '0.06593462]],'}",[uploaded_image.link],2023-01-26 17:28:49.287047,1
"{'fish': 'tf.Tensor(0.9291437', 'no_fish': '0.07085624]],'}",[uploaded_image.link],2023-01-26 17:28:50.558270,1
"{'fish': 'tf.Tensor(0.92291397', 'no_fish': '0.07708604]],'}",[uploaded_image.link],2023-01-26 17:28:51.945607,1
"{'fish': 'tf.Tensor(0.9418848', 'no_fish': '0.05811518]],'}",[uploaded_image.link],2023-01-26 17:28:53.279133,1
"{'fish': 'tf.Tensor(0.92766047', 'no_fish': '0.07233951]],'}",[uploaded_image.link],2023-01-26 17:28:56.349111,1
"{'fish': 'tf.Tensor(0.93398213', 'no_fish': '0.06601784]],'}",[uploaded_image.link],2023-01-26 17:28:57.686058,1
"{'fish': 'tf.Tensor(0.94396436', 'no_fish': '0.05603562]],'}",[uploaded_image.link],2023-01-26 17:28:59.163132,1
"{'fish': 'tf.Tensor(0.95055544', 'no_fish': '0.04944461]],'}",[uploaded_image.link],2023-01-26 17:29:00.513874,1
"{'fish': 'tf.Tensor(0.9309601', 'no_fish': '0.06903992]],'}",[uploaded_image.link],2023-01-26 17:29:01.977707,1
"{'fish': 'tf.Tensor(0.93494165', 'no_fish': '0.06505829]],'}",[uploaded_image.link],2023-01-26 17:29:03.417497,1
"{'fish': 'tf.Tensor(0.9258612', 'no_fish': '0.0741388]],'}",[uploaded_image.link],2023-01-26 17:29:04.736627,1
"{'fish': 'tf.Tensor(0.94273436', 'no_fish': '0.05726557]],'}",[uploaded_image.link],2023-01-26 17:29:06.155893,1
"{'fish': 'tf.Tensor(0.95875084', 'no_fish': '0.04124907]],'}",[uploaded_image.link],2023-01-26 17:29:07.442404,1
"{'fish': 'tf.Tensor(0.98950666', 'no_fish': '0.01049332]],'}",[uploaded_image.link],2023-01-26 17:29:08.830244,1
"{'fish': 'tf.Tensor(0.99249285', 'no_fish': '0.00750714]],'}",[uploaded_image.link],2023-01-26 17:29:10.136064,1
"{'fish': 'tf.Tensor(0.9771656', 'no_fish': '0.02283437]],'}",[uploaded_image.link],2023-01-26 17:29:11.911431,1
"{'fish': 'tf.Tensor(0.99155945', 'no_fish': '0.0084405'}",[uploaded_image.link],2023-01-26 17:29:13.340810,1
"{'fish': 'tf.Tensor(0.94137496', 'no_fish': '0.05862511]],'}",[uploaded_image.link],2023-01-26 17:29:14.710328,1
"{'fish': 'tf.Tensor(0.91934866', 'no_fish': '0.08065128]],'}",[uploaded_image.link],2023-01-26 17:29:16.212497,1
"{'fish': 'tf.Tensor(0.9430393', 'no_fish': '0.05696075]],'}",[uploaded_image.link],2023-01-26 17:29:17.544920,1
"{'fish': 'tf.Tensor(0.939064', 'no_fish': '0.06093597]],'}",[uploaded_image.link],2023-01-26 17:29:18.963555,1
"{'fish': 'tf.Tensor(0.9635371', 'no_fish': '0.03646291]],'}",[uploaded_image.link],2023-01-26 17:29:20.518502,1
"{'fish': 'tf.Tensor(0.98015344', 'no_fish': '0.0198466'}",[uploaded_image.link],2023-01-26 17:29:21.848018,1
"{'fish': 'tf.Tensor(0.9810652', 'no_fish': '0.01893477]],'}",[uploaded_image.link],2023-01-26 17:29:23.277932,1
"{'fish': 'tf.Tensor(0.95428026', 'no_fish': '0.04571981]],'}",[uploaded_image.link],2023-01-26 17:29:24.647175,1
"{'fish': 'tf.Tensor(0.9835359', 'no_fish': '0.01646415]],'}",[uploaded_image.link],2023-01-26 17:29:25.989990,1
"{'fish': 'tf.Tensor(0.96480525', 'no_fish': '0.03519479]],'}",[uploaded_image.link],2023-01-26 17:29:27.576210,1
"{'fish': 'tf.Tensor(0.9737204', 'no_fish': '0.02627961]],'}",[uploaded_image.link],2023-01-26 17:29:28.901214,1
"{'fish': 'tf.Tensor(0.9766194', 'no_fish': '0.02338061]],'}",[uploaded_image.link],2023-01-26 17:29:30.337631,1
"{'fish': 'tf.Tensor(0.96710956', 'no_fish': '0.03289044]],'}",[uploaded_image.link],2023-01-26 17:29:32.905476,1
"{'fish': 'tf.Tensor(0.98121154', 'no_fish': '0.01878841]],'}",[uploaded_image.link],2023-01-26 17:29:34.324756,1
"{'fish': 'tf.Tensor(0.9920278', 'no_fish': '0.00797217]],'}",[uploaded_image.link],2023-01-26 17:29:35.773749,1
"{'fish': 'tf.Tensor(0.9676252', 'no_fish': '0.03237483]],'}",[uploaded_image.link],2023-01-26 17:29:37.191154,1
"{'fish': 'tf.Tensor(0.98941165', 'no_fish': '0.01058836]],'}",[uploaded_image.link],2023-01-26 17:29:38.583478,1
"{'fish': 'tf.Tensor(0.9733567', 'no_fish': '0.02664334]],'}",[uploaded_image.link],2023-01-26 17:29:40.066744,1
"{'fish': 'tf.Tensor(0.9709746', 'no_fish': '0.02902537]],'}",[uploaded_image.link],2023-01-26 17:29:41.499763,1
"{'fish': 'tf.Tensor(0.98319477', 'no_fish': '0.01680523]],'}",[uploaded_image.link],2023-01-26 17:29:42.968385,1
"{'fish': 'tf.Tensor(0.9986027', 'no_fish': '0.00139736]],'}",[uploaded_image.link],2023-01-26 17:30:32.270618,1
"{'fish': 'tf.Tensor(0.9964675', 'no_fish': '0.00353256]],'}",[uploaded_image.link],2023-01-26 17:30:34.336014,1
"{'fish': 'tf.Tensor(0.99766517', 'no_fish': '0.00233481]],'}",[uploaded_image.link],2023-01-26 17:30:36.077236,1
"{'fish': 'tf.Tensor(0.99713767', 'no_fish': '0.00286231]],'}",[uploaded_image.link],2023-01-26 17:30:38.123057,1
"{'fish': 'tf.Tensor(0.9958104', 'no_fish': '0.00418968]],'}",[uploaded_image.link],2023-01-26 17:30:40.886718,1
"{'fish': 'tf.Tensor(0.9988932', 'no_fish': '0.00110685]],'}",[uploaded_image.link],2023-01-26 17:30:42.248908,1
"{'fish': 'tf.Tensor(0.99664116', 'no_fish': '0.00335888]],'}",[uploaded_image.link],2023-01-26 17:30:43.551096,1
"{'fish': 'tf.Tensor(0.99425876', 'no_fish': '0.00574126]],'}",[uploaded_image.link],2023-01-26 17:30:44.908038,1
"{'fish': 'tf.Tensor(0.9938252', 'no_fish': '0.00617488]],'}",[uploaded_image.link],2023-01-26 17:30:46.324340,1
"{'fish': 'tf.Tensor(0.9920432', 'no_fish': '0.00795678]],'}",[uploaded_image.link],2023-01-26 17:30:47.628120,1
"{'fish': 'tf.Tensor(0.9928503', 'no_fish': '0.00714976]],'}",[uploaded_image.link],2023-01-26 17:30:48.911299,1
"{'fish': 'tf.Tensor(0.9914141', 'no_fish': '0.0085859]],'}",[uploaded_image.link],2023-01-26 17:30:50.243723,1
"{'fish': 'tf.Tensor(0.99834466', 'no_fish': '0.00165538]],'}",[uploaded_image.link],2023-01-26 17:30:51.623842,1
"{'fish': 'tf.Tensor(0.9926887', 'no_fish': '0.0073112]],'}",[uploaded_image.link],2023-01-26 17:30:52.948175,1
"{'fish': 'tf.Tensor(0.99275875', 'no_fish': '0.00724125]],'}",[uploaded_image.link],2023-01-26 17:30:54.243884,1
"{'fish': 'tf.Tensor(0.9982765', 'no_fish': '0.00172351]],'}",[uploaded_image.link],2023-01-26 17:30:55.980711,1
"{'fish': 'tf.Tensor(0.9982843', 'no_fish': '0.00171568]],'}",[uploaded_image.link],2023-01-26 17:30:57.359222,1
"{'fish': 'tf.Tensor(0.9942239', 'no_fish': '0.00577613]],'}",[uploaded_image.link],2023-01-26 17:30:58.909446,1
"{'fish': 'tf.Tensor(0.9964631', 'no_fish': '0.00353688]],'}",[uploaded_image.link],2023-01-26 17:31:00.340032,1
"{'fish': 'tf.Tensor(0.9964857', 'no_fish': '0.00351432]],'}",[uploaded_image.link],2023-01-26 17:31:01.740218,1
"{'fish': 'tf.Tensor(0.99249506', 'no_fish': '0.00750492]],'}",[uploaded_image.link],2023-01-26 17:31:03.593228,1
"{'fish': 'tf.Tensor(0.99563426', 'no_fish': '0.00436568]],'}",[uploaded_image.link],2023-01-26 17:31:05.051215,1
"{'fish': 'tf.Tensor(0.9960342', 'no_fish': '0.00396577]],'}",[uploaded_image.link],2023-01-26 17:31:06.527603,1
"{'fish': 'tf.Tensor(0.9962638', 'no_fish': '0.00373618]],'}",[uploaded_image.link],2023-01-26 17:31:07.858760,1
"{'fish': 'tf.Tensor(0.99487865', 'no_fish': '0.00512127]],'}",[uploaded_image.link],2023-01-26 17:31:09.610153,1
"{'fish': 'tf.Tensor(0.9949734', 'no_fish': '0.00502661]],'}",[uploaded_image.link],2023-01-26 17:31:10.934931,1
"{'fish': 'tf.Tensor(0.99576604', 'no_fish': '0.00423393]],'}",[uploaded_image.link],2023-01-26 17:31:14.570815,1
"{'fish': 'tf.Tensor(0.9920959', 'no_fish': '0.00790414]],'}",[uploaded_image.link],2023-01-26 17:31:15.897376,1
"{'fish': 'tf.Tensor(0.99474514', 'no_fish': '0.00525483]],'}",[uploaded_image.link],2023-01-26 17:31:17.424761,1
"{'fish': 'tf.Tensor(0.9950492', 'no_fish': '0.00495084]],'}",[uploaded_image.link],2023-01-26 17:31:18.975705,1
"{'fish': 'tf.Tensor(0.9949964', 'no_fish': '0.00500354]],'}",[uploaded_image.link],2023-01-26 17:31:20.412362,1
"{'fish': 'tf.Tensor(0.9963993', 'no_fish': '0.0036007]],'}",[uploaded_image.link],2023-01-26 17:31:21.795754,1
"{'fish': 'tf.Tensor(0.99622536', 'no_fish': '0.00377463]],'}",[uploaded_image.link],2023-01-26 17:31:23.123091,1
"{'fish': 'tf.Tensor(0.9973085', 'no_fish': '0.00269154]],'}",[uploaded_image.link],2023-01-26 17:31:24.485063,1
"{'fish': 'tf.Tensor(0.9990031', 'no_fish': '0.00099685]],'}",[uploaded_image.link],2023-01-26 17:31:26.654744,1
"{'fish': 'tf.Tensor(0.9998141', 'no_fish': '0.00018598]],'}",[uploaded_image.link],2023-01-26 17:31:28.073599,1
"{'fish': 'tf.Tensor(0.998771', 'no_fish': '0.001229]],'}",[uploaded_image.link],2023-01-26 17:31:29.406604,1
"{'fish': 'tf.Tensor(0.99741083', 'no_fish': '0.00258916]],'}",[uploaded_image.link],2023-01-26 17:31:30.853119,1
"{'fish': 'tf.Tensor(0.9919783', 'no_fish': '0.00802173]],'}",[uploaded_image.link],2023-01-26 17:31:32.495574,1
"{'fish': 'tf.Tensor(0.988951', 'no_fish': '0.01104902]],'}",[uploaded_image.link],2023-01-26 17:31:36.589729,1
"{'fish': 'tf.Tensor(0.9895036', 'no_fish': '0.01049633]],'}",[uploaded_image.link],2023-01-26 17:31:37.948057,1
"{'fish': 'tf.Tensor(0.99658316', 'no_fish': '0.00341686]],'}",[uploaded_image.link],2023-01-26 17:31:39.560915,1
"{'fish': 'tf.Tensor(0.99601895', 'no_fish': '0.00398103]],'}",[uploaded_image.link],2023-01-26 17:31:43.947233,1
"{'fish': 'tf.Tensor(0.99901223', 'no_fish': '0.00098773]],'}",[uploaded_image.link],2023-01-26 17:31:45.280041,1
"{'fish': 'tf.Tensor(0.9992391', 'no_fish': '0.00076089]],'}",[uploaded_image.link],2023-01-26 17:31:46.730672,1
"{'fish': 'tf.Tensor(0.99760324', 'no_fish': '0.00239683]],'}",[uploaded_image.link],2023-01-26 17:31:48.262047,1
"{'fish': 'tf.Tensor(0.9953177', 'no_fish': '0.0046823]],'}",[uploaded_image.link],2023-01-26 17:31:49.693661,1
"{'fish': 'tf.Tensor(0.9943541', 'no_fish': '0.00564591]],'}",[uploaded_image.link],2023-01-26 17:31:51.227941,1
"{'fish': 'tf.Tensor(0.9968533', 'no_fish': '0.00314675]],'}",[uploaded_image.link],2023-01-26 17:31:52.551833,1
"{'fish': 'tf.Tensor(0.99326444', 'no_fish': '0.00673551]],'}",[uploaded_image.link],2023-01-26 17:31:54.097611,1
"{'fish': 'tf.Tensor(0.9952058', 'no_fish': '0.00479419]],'}",[uploaded_image.link],2023-01-26 17:31:55.520033,1
"{'fish': 'tf.Tensor(0.99696964', 'no_fish': '0.00303044]],'}",[uploaded_image.link],2023-01-26 17:31:57.168704,1
"{'fish': 'tf.Tensor(0.9952609', 'no_fish': '0.00473912]],'}",[uploaded_image.link],2023-01-26 17:31:58.586860,1
"{'fish': 'tf.Tensor(0.9966875', 'no_fish': '0.0033125]],'}",[uploaded_image.link],2023-01-26 17:32:01.663065,1
"{'fish': 'tf.Tensor(0.9967039', 'no_fish': '0.0032961]],'}",[uploaded_image.link],2023-01-26 17:32:03.162361,1
"{'fish': 'tf.Tensor(0.99441636', 'no_fish': '0.00558364]],'}",[uploaded_image.link],2023-01-26 17:32:04.599142,1
"{'fish': 'tf.Tensor(0.9920615', 'no_fish': '0.00793855]],'}",[uploaded_image.link],2023-01-26 17:32:05.958107,1
"{'fish': 'tf.Tensor(0.99683833', 'no_fish': '0.0031616'}",[uploaded_image.link],2023-01-26 17:32:07.281723,1
"{'fish': 'tf.Tensor(0.9977921', 'no_fish': '0.00220784]],'}",[uploaded_image.link],2023-01-26 17:32:08.635487,1
"{'fish': 'tf.Tensor(0.99512887', 'no_fish': '0.00487111]],'}",[uploaded_image.link],2023-01-26 17:32:10.060091,1
"{'fish': 'tf.Tensor(0.9978125', 'no_fish': '0.00218741]],'}",[uploaded_image.link],2023-01-26 17:32:11.710720,1
"{'fish': 'tf.Tensor(0.99957925', 'no_fish': '0.00042076]],'}",[uploaded_image.link],2023-01-26 17:32:13.142957,1
"{'fish': 'tf.Tensor(0.99854904', 'no_fish': '0.00145089]],'}",[uploaded_image.link],2023-01-26 17:32:14.671358,1
"{'fish': 'tf.Tensor(0.99863005', 'no_fish': '0.00137002]],'}",[uploaded_image.link],2023-01-26 17:33:45.290931,1
"{'fish': 'tf.Tensor(0.99858546', 'no_fish': '0.00141455]],'}",[uploaded_image.link],2023-01-26 17:33:47.662658,1
"{'fish': 'tf.Tensor(0.99828416', 'no_fish': '0.00171585]],'}",[uploaded_image.link],2023-01-26 17:33:49.104513,1
"{'fish': 'tf.Tensor(0.99802494', 'no_fish': '0.00197513]],'}",[uploaded_image.link],2023-01-26 17:33:51.084628,1
"{'fish': 'tf.Tensor(0.99770373', 'no_fish': '0.00229623]],'}",[uploaded_image.link],2023-01-26 17:33:52.600421,1
"{'fish': 'tf.Tensor(0.99841523', 'no_fish': '0.00158479]],'}",[uploaded_image.link],2023-01-26 17:33:55.777286,1
"{'fish': 'tf.Tensor(0.9981949', 'no_fish': '0.0018051]],'}",[uploaded_image.link],2023-01-26 17:33:57.317007,1
"{'fish': 'tf.Tensor(0.99607855', 'no_fish': '0.00392146]],'}",[uploaded_image.link],2023-01-26 17:38:05.284039,1
"{'fish': 'tf.Tensor(0.9967288', 'no_fish': '0.00327116]],'}",[uploaded_image.link],2023-01-26 17:38:07.532199,1
"{'fish': 'tf.Tensor(0.99697614', 'no_fish': '0.00302387]],'}",[uploaded_image.link],2023-01-26 17:38:08.967003,1
"{'fish': 'tf.Tensor(0.9974892', 'no_fish': '0.00251081]],'}",[uploaded_image.link],2023-01-26 17:38:11.202821,1
"{'fish': 'tf.Tensor(0.9978397', 'no_fish': '0.0021603]],'}",[uploaded_image.link],2023-01-26 17:38:12.570064,1
"{'fish': 'tf.Tensor(0.9975684', 'no_fish': '0.00243157]],'}",[uploaded_image.link],2023-01-26 17:38:15.539085,1
"{'fish': 'tf.Tensor(0.9978611', 'no_fish': '0.0021389]],'}",[uploaded_image.link],2023-01-26 17:38:16.953142,1
"{'fish': 'tf.Tensor(0.99754995', 'no_fish': '0.00244999]],'}",[uploaded_image.link],2023-01-26 17:38:18.382833,1
"{'fish': 'tf.Tensor(0.99773884', 'no_fish': '0.00226113]],'}",[uploaded_image.link],2023-01-26 17:38:19.806231,1
"{'fish': 'tf.Tensor(0.998396', 'no_fish': '0.00160403]],'}",[uploaded_image.link],2023-01-26 17:38:21.252530,1
"{'fish': 'tf.Tensor(0.9971808', 'no_fish': '0.00281922]],'}",[uploaded_image.link],2023-01-26 17:38:22.694451,1
"{'fish': 'tf.Tensor(0.99826556', 'no_fish': '0.00173446]],'}",[uploaded_image.link],2023-01-26 17:38:24.044836,1
"{'fish': 'tf.Tensor(0.9968689', 'no_fish': '0.00313111]],'}",[uploaded_image.link],2023-01-26 17:38:25.464014,1
"{'fish': 'tf.Tensor(0.996944', 'no_fish': '0.003056]],'}",[uploaded_image.link],2023-01-26 17:38:27.023729,1
"{'fish': 'tf.Tensor(0.99705625', 'no_fish': '0.00294374]],'}",[uploaded_image.link],2023-01-26 17:38:28.414784,1
"{'fish': 'tf.Tensor(0.9979213', 'no_fish': '0.00207879]],'}",[uploaded_image.link],2023-01-26 17:38:30.503092,1
"{'fish': 'tf.Tensor(0.99774605', 'no_fish': '0.00225393]],'}",[uploaded_image.link],2023-01-26 17:38:31.853121,1
"{'fish': 'tf.Tensor(0.99803585', 'no_fish': '0.00196419]],'}",[uploaded_image.link],2023-01-26 17:38:33.364598,1
"{'fish': 'tf.Tensor(0.9977958', 'no_fish': '0.00220424]],'}",[uploaded_image.link],2023-01-26 17:38:34.902133,1
"{'fish': 'tf.Tensor(0.99710256', 'no_fish': '0.00289741]],'}",[uploaded_image.link],2023-01-26 17:38:36.432579,1
"{'fish': 'tf.Tensor(0.997549', 'no_fish': '0.00245094]],'}",[uploaded_image.link],2023-01-26 17:38:37.806636,1
"{'fish': 'tf.Tensor(0.99772507', 'no_fish': '0.00227488]],'}",[uploaded_image.link],2023-01-26 17:38:39.231745,1
"{'fish': 'tf.Tensor(0.99766624', 'no_fish': '0.00233376]],'}",[uploaded_image.link],2023-01-26 17:38:40.631028,1
"{'fish': 'tf.Tensor(0.99706143', 'no_fish': '0.00293853]],'}",[uploaded_image.link],2023-01-26 17:38:42.134274,1
"{'fish': 'tf.Tensor(0.9969091', 'no_fish': '0.00309089]],'}",[uploaded_image.link],2023-01-26 17:38:43.534631,1
"{'fish': 'tf.Tensor(0.997544', 'no_fish': '0.00245603]],'}",[uploaded_image.link],2023-01-26 17:38:44.937929,1
"{'fish': 'tf.Tensor(0.99776137', 'no_fish': '0.0022386'}",[uploaded_image.link],2023-01-26 17:38:46.279694,1
"{'fish': 'tf.Tensor(0.997773', 'no_fish': '0.00222693]],'}",[uploaded_image.link],2023-01-26 17:38:49.647961,1
"{'fish': 'tf.Tensor(0.9974819', 'no_fish': '0.00251809]],'}",[uploaded_image.link],2023-01-26 17:38:51.115046,1
"{'fish': 'tf.Tensor(0.9983443', 'no_fish': '0.00165571]],'}",[uploaded_image.link],2023-01-26 17:38:53.020115,1
"{'fish': 'tf.Tensor(0.99789435', 'no_fish': '0.00210573]],'}",[uploaded_image.link],2023-01-26 17:38:54.442553,1
"{'fish': 'tf.Tensor(0.99738604', 'no_fish': '0.00261391]],'}",[uploaded_image.link],2023-01-26 17:38:55.903192,1
"{'fish': 'tf.Tensor(0.9976069', 'no_fish': '0.00239307]],'}",[uploaded_image.link],2023-01-26 17:38:57.271737,1
"{'fish': 'tf.Tensor(0.9975319', 'no_fish': '0.00246814]],'}",[uploaded_image.link],2023-01-26 17:38:58.660110,1
"{'fish': 'tf.Tensor(0.9982071', 'no_fish': '0.00179296]],'}",[uploaded_image.link],2023-01-26 17:39:00.133610,1
"{'fish': 'tf.Tensor(0.9977761', 'no_fish': '0.00222386]],'}",[uploaded_image.link],2023-01-26 17:39:01.621818,1
"{'fish': 'tf.Tensor(0.99789137', 'no_fish': '0.00210864]],'}",[uploaded_image.link],2023-01-26 17:39:03.071528,1
"{'fish': 'tf.Tensor(0.9975101', 'no_fish': '0.00248987]],'}",[uploaded_image.link],2023-01-26 17:39:04.789188,1
"{'fish': 'tf.Tensor(0.9972681', 'no_fish': '0.00273198]],'}",[uploaded_image.link],2023-01-26 17:39:06.237728,1
"{'fish': 'tf.Tensor(0.9900122', 'no_fish': '0.0099878]],'}",[uploaded_image.link],2023-01-31 16:36:26.908859,1
"{'fish': 'tf.Tensor(0.99284744', 'no_fish': '0.00715253]],'}",[uploaded_image.link],2023-01-31 16:36:29.387308,1
"{'fish': 'tf.Tensor(0.99387', 'no_fish': '0.00612997]],'}",[uploaded_image.link],2023-01-31 16:36:30.826110,1
"{'fish': 'tf.Tensor(0.98319095', 'no_fish': '0.01680904]],'}",[uploaded_image.link],2023-01-31 16:36:32.786346,1
"{'fish': 'tf.Tensor(0.9894132', 'no_fish': '0.01058685]],'}",[uploaded_image.link],2023-01-31 16:36:34.225534,1
"{'fish': 'tf.Tensor(0.9583065', 'no_fish': '0.04169348]],'}",[uploaded_image.link],2023-01-31 16:36:35.633321,1
"{'fish': 'tf.Tensor(0.98965734', 'no_fish': '0.01034264]],'}",[uploaded_image.link],2023-01-31 16:36:37.447430,1
"{'fish': 'tf.Tensor(0.9798304', 'no_fish': '0.02016957]],'}",[uploaded_image.link],2023-01-31 16:36:38.913373,1
"{'fish': 'tf.Tensor(0.9901902', 'no_fish': '0.00980982]],'}",[uploaded_image.link],2023-01-31 16:36:40.593348,1
"{'fish': 'tf.Tensor(0.97493863', 'no_fish': '0.02506137]],'}",[uploaded_image.link],2023-01-31 16:36:41.950075,1
"{'fish': 'tf.Tensor(0.9877824', 'no_fish': '0.01221758]],'}",[uploaded_image.link],2023-01-31 16:36:43.514393,1
"{'fish': 'tf.Tensor(0.9910041', 'no_fish': '0.00899588]],'}",[uploaded_image.link],2023-01-31 16:36:45.052026,1
"{'fish': 'tf.Tensor(0.9726389', 'no_fish': '0.02736103]],'}",[uploaded_image.link],2023-01-31 16:36:46.547403,1
"{'fish': 'tf.Tensor(0.97893447', 'no_fish': '0.02106555]],'}",[uploaded_image.link],2023-01-31 16:36:47.965748,1
"{'fish': 'tf.Tensor(0.9918528', 'no_fish': '0.0081472]],'}",[uploaded_image.link],2023-01-31 16:36:49.481139,1
"{'fish': 'tf.Tensor(0.9366777', 'no_fish': '0.06332231]],'}",[uploaded_image.link],2023-01-31 16:36:50.800861,1
"{'fish': 'tf.Tensor(0.96147007', 'no_fish': '0.03852991]],'}",[uploaded_image.link],2023-01-31 16:36:52.287507,1
"{'fish': 'tf.Tensor(0.9847252', 'no_fish': '0.01527476]],'}",[uploaded_image.link],2023-01-31 16:36:53.825111,1
"{'fish': 'tf.Tensor(0.9958312', 'no_fish': '0.0041688]],'}",[uploaded_image.link],2023-01-31 16:36:55.249084,1
"{'fish': 'tf.Tensor(0.99346364', 'no_fish': '0.00653644]],'}",[uploaded_image.link],2023-01-31 16:36:56.656492,1
"{'fish': 'tf.Tensor(0.9860994', 'no_fish': '0.0139006]],'}",[uploaded_image.link],2023-01-31 16:36:58.124114,1
"{'fish': 'tf.Tensor(0.99007344', 'no_fish': '0.00992656]],'}",[uploaded_image.link],2023-01-31 16:36:59.651100,1
"{'fish': 'tf.Tensor(0.98458046', 'no_fish': '0.01541955]],'}",[uploaded_image.link],2023-01-31 16:37:01.186882,1
"{'fish': 'tf.Tensor(0.98789257', 'no_fish': '0.01210735]],'}",[uploaded_image.link],2023-01-31 16:37:02.837419,1
"{'fish': 'tf.Tensor(0.9523159', 'no_fish': '0.04768405]],'}",[uploaded_image.link],2023-01-31 16:37:04.466992,1
"{'fish': 'tf.Tensor(0.9931625', 'no_fish': '0.00683752]],'}",[uploaded_image.link],2023-01-31 16:37:05.949850,1
"{'fish': 'tf.Tensor(0.98484135', 'no_fish': '0.01515865]],'}",[uploaded_image.link],2023-01-31 16:37:07.545114,1
"{'fish': 'tf.Tensor(0.9923959', 'no_fish': '0.00760411]],'}",[uploaded_image.link],2023-01-31 16:37:09.119193,1
"{'fish': 'tf.Tensor(0.9841232', 'no_fish': '0.01587677]],'}",[uploaded_image.link],2023-01-31 16:37:10.773824,1
"{'fish': 'tf.Tensor(0.9888685', 'no_fish': '0.01113148]],'}",[uploaded_image.link],2023-01-31 16:37:12.646435,1
"{'fish': 'tf.Tensor(0.9904654', 'no_fish': '0.00953462]],'}",[uploaded_image.link],2023-01-31 16:37:14.554655,1
"{'fish': 'tf.Tensor(0.98906225', 'no_fish': '0.01093775]],'}",[uploaded_image.link],2023-01-31 16:37:16.498482,1
"{'fish': 'tf.Tensor(0.991091', 'no_fish': '0.00890899]],'}",[uploaded_image.link],2023-01-31 16:37:18.121624,1
"{'fish': 'tf.Tensor(0.9587628', 'no_fish': '0.04123719]],'}",[uploaded_image.link],2023-01-31 16:37:19.628612,1
"{'fish': 'tf.Tensor(0.98235244', 'no_fish': '0.01764755]],'}",[uploaded_image.link],2023-01-31 16:37:21.216415,1
"{'fish': 'tf.Tensor(0.9875536', 'no_fish': '0.01244642]],'}",[uploaded_image.link],2023-01-31 16:37:22.783788,1
"{'fish': 'tf.Tensor(0.9840715', 'no_fish': '0.01592852]],'}",[uploaded_image.link],2023-01-31 16:37:24.697055,1
"{'fish': 'tf.Tensor(0.99741143', 'no_fish': '0.0025886'}",[uploaded_image.link],2023-01-31 16:37:26.753199,1
"{'fish': 'tf.Tensor(0.9961086', 'no_fish': '0.00389136]],'}",[uploaded_image.link],2023-01-31 16:37:28.365273,1
"{'fish': 'tf.Tensor(0.97786146', 'no_fish': '0.02213855]],'}",[uploaded_image.link],2023-01-31 16:37:30.111298,1
"{'fish': 'tf.Tensor(0.9591646', 'no_fish': '0.04083537]],'}",[uploaded_image.link],2023-01-31 16:37:31.657948,1
"{'fish': 'tf.Tensor(0.9980939', 'no_fish': '0.00190606]],'}",[uploaded_image.link],2023-01-31 16:37:33.156275,1
"{'fish': 'tf.Tensor(0.9917863', 'no_fish': '0.00821365]],'}",[uploaded_image.link],2023-01-31 16:37:34.717310,1
"{'fish': 'tf.Tensor(0.9954034', 'no_fish': '0.00459661]],'}",[uploaded_image.link],2023-01-31 16:37:36.421007,1
"{'fish': 'tf.Tensor(0.9827724', 'no_fish': '0.01722761]],'}",[uploaded_image.link],2023-01-31 16:37:37.998443,1
"{'fish': 'tf.Tensor(0.98020625', 'no_fish': '0.01979372]],'}",[uploaded_image.link],2023-01-31 16:37:39.467796,1
"{'fish': 'tf.Tensor(0.974898', 'no_fish': '0.02510203]],'}",[uploaded_image.link],2023-01-31 16:37:40.889716,1
"{'fish': 'tf.Tensor(0.98816895', 'no_fish': '0.01183103]],'}",[uploaded_image.link],2023-01-31 16:37:42.375973,1
"{'fish': 'tf.Tensor(0.9985946', 'no_fish': '0.00140541]],'}",[uploaded_image.link],2023-01-31 16:37:43.847047,1
"{'fish': 'tf.Tensor(0.9965808', 'no_fish': '0.0034192]],'}",[uploaded_image.link],2023-01-31 16:37:45.355646,1
"{'fish': 'tf.Tensor(0.9981527', 'no_fish': '0.00184728]],'}",[uploaded_image.link],2023-01-31 16:37:47.104761,1
"{'fish': 'tf.Tensor(0.99305165', 'no_fish': '0.00694834]],'}",[uploaded_image.link],2023-01-31 16:37:48.680422,1
"{'fish': 'tf.Tensor(0.9935087', 'no_fish': '0.00649127]],'}",[uploaded_image.link],2023-01-31 16:37:50.156608,1
"{'fish': 'tf.Tensor(0.9984458', 'no_fish': '0.0015542]],'}",[uploaded_image.link],2023-01-31 16:37:51.755886,1
"{'fish': 'tf.Tensor(0.9955278', 'no_fish': '0.00447219]],'}",[uploaded_image.link],2023-01-31 16:37:53.571574,1
"{'fish': 'tf.Tensor(0.9931571', 'no_fish': '0.00684294]],'}",[uploaded_image.link],2023-01-31 16:37:55.100603,1
"{'fish': 'tf.Tensor(0.9933947', 'no_fish': '0.0066053]],'}",[uploaded_image.link],2023-01-31 16:37:56.630403,1
"{'fish': 'tf.Tensor(0.9954508', 'no_fish': '0.00454928]],'}",[uploaded_image.link],2023-01-31 16:37:58.100131,1
"{'fish': 'tf.Tensor(0.9734909', 'no_fish': '0.02650914]],'}",[uploaded_image.link],2023-01-31 16:37:59.686061,1
"{'fish': 'tf.Tensor(0.9953609', 'no_fish': '0.00463914]],'}",[uploaded_image.link],2023-01-31 16:38:01.107878,1
"{'fish': 'tf.Tensor(0.990991', 'no_fish': '0.00900901]],'}",[uploaded_image.link],2023-01-31 16:38:02.634803,1
"{'fish': 'tf.Tensor(0.98440534', 'no_fish': '0.01559471]],'}",[uploaded_image.link],2023-01-31 16:38:04.186369,1
"{'fish': 'tf.Tensor(0.9955959', 'no_fish': '0.00440419]],'}",[uploaded_image.link],2023-01-31 16:38:05.751139,1
"{'fish': 'tf.Tensor(0.9916368', 'no_fish': '0.00836317]],'}",[uploaded_image.link],2023-01-31 16:38:07.373403,1
"{'fish': 'tf.Tensor(0.98939764', 'no_fish': '0.0106023'}",[uploaded_image.link],2023-01-31 16:38:08.892473,1
"{'fish': 'tf.Tensor(0.9368208', 'no_fish': '0.06317919]],'}",[uploaded_image.link],2023-01-31 16:38:10.450212,1
"{'fish': 'tf.Tensor(0.9526644', 'no_fish': '0.04733563]],'}",[uploaded_image.link],2023-01-31 16:38:12.055384,1
"{'fish': 'tf.Tensor(0.9306149', 'no_fish': '0.06938516]],'}",[uploaded_image.link],2023-01-31 16:38:13.684048,1
"{'fish': 'tf.Tensor(0.9434788', 'no_fish': '0.05652118]],'}",[uploaded_image.link],2023-01-31 16:38:15.273388,1
"{'fish': 'tf.Tensor(0.97964865', 'no_fish': '0.0203514'}",[uploaded_image.link],2023-01-31 16:38:16.953442,1
"{'fish': 'tf.Tensor(0.9653228', 'no_fish': '0.03467723]],'}",[uploaded_image.link],2023-01-31 16:38:18.586478,1
"{'fish': 'tf.Tensor(0.98008555', 'no_fish': '0.01991444]],'}",[uploaded_image.link],2023-01-31 16:38:19.995337,1
"{'fish': 'tf.Tensor(0.99321026', 'no_fish': '0.00678973]],'}",[uploaded_image.link],2023-01-31 16:38:21.486863,1
"{'fish': 'tf.Tensor(0.99691296', 'no_fish': '0.00308701]],'}",[uploaded_image.link],2023-01-31 16:38:23.017806,1
"{'fish': 'tf.Tensor(0.990298', 'no_fish': '0.00970204]],'}",[uploaded_image.link],2023-01-31 16:38:24.645534,1
"{'fish': 'tf.Tensor(0.9952459', 'no_fish': '0.00475413]],'}",[uploaded_image.link],2023-01-31 16:38:26.077965,1
"{'fish': 'tf.Tensor(0.99837947', 'no_fish': '0.00162049]],'}",[uploaded_image.link],2023-01-31 16:38:27.623165,1
"{'fish': 'tf.Tensor(0.97874475', 'no_fish': '0.02125524]],'}",[uploaded_image.link],2023-01-31 16:38:29.019045,1
"{'fish': 'tf.Tensor(0.9778235', 'no_fish': '0.02217654]],'}",[uploaded_image.link],2023-01-31 16:38:30.491303,1
"{'fish': 'tf.Tensor(0.9777795', 'no_fish': '0.02222054]],'}",[uploaded_image.link],2023-01-31 16:38:31.971076,1
"{'fish': 'tf.Tensor(0.9798149', 'no_fish': '0.02018509]],'}",[uploaded_image.link],2023-01-31 16:38:33.460706,1
"{'fish': 'tf.Tensor(0.9868699', 'no_fish': '0.01313013]],'}",[uploaded_image.link],2023-01-31 16:38:35.046018,1
"{'fish': 'tf.Tensor(0.96769476', 'no_fish': '0.03230521]],'}",[uploaded_image.link],2023-01-31 16:38:36.522309,1
"{'fish': 'tf.Tensor(0.9857621', 'no_fish': '0.01423788]],'}",[uploaded_image.link],2023-01-31 16:38:38.066780,1
"{'fish': 'tf.Tensor(0.82128286', 'no_fish': '0.17871709]],'}",[uploaded_image.link],2023-01-31 16:38:39.603385,1
"{'fish': 'tf.Tensor(0.8924365', 'no_fish': '0.10756342]],'}",[uploaded_image.link],2023-01-31 16:38:41.011873,1
"{'fish': 'tf.Tensor(0.9774885', 'no_fish': '0.02251144]],'}",[uploaded_image.link],2023-01-31 16:38:42.451956,1
"{'fish': 'tf.Tensor(0.9677384', 'no_fish': '0.03226158]],'}",[uploaded_image.link],2023-01-31 16:38:43.882034,1
"{'fish': 'tf.Tensor(0.983054', 'no_fish': '0.01694604]],'}",[uploaded_image.link],2023-01-31 16:38:45.541079,1
"{'fish': 'tf.Tensor(0.9868471', 'no_fish': '0.01315289]],'}",[uploaded_image.link],2023-01-31 16:38:46.939954,1
"{'fish': 'tf.Tensor(0.99152124', 'no_fish': '0.00847872]],'}",[uploaded_image.link],2023-01-31 16:38:48.351958,1
"{'fish': 'tf.Tensor(0.9864933', 'no_fish': '0.01350672]],'}",[uploaded_image.link],2023-01-31 16:38:49.839386,1
"{'fish': 'tf.Tensor(0.9889494', 'no_fish': '0.01105066]],'}",[uploaded_image.link],2023-01-31 16:38:51.312407,1
"{'fish': 'tf.Tensor(0.9368041', 'no_fish': '0.06319588]],'}",[uploaded_image.link],2023-01-31 16:38:52.901787,1
"{'fish': 'tf.Tensor(0.9880504', 'no_fish': '0.01194957]],'}",[uploaded_image.link],2023-01-31 16:38:54.456564,1
"{'fish': 'tf.Tensor(0.97339034', 'no_fish': '0.02660963]],'}",[uploaded_image.link],2023-01-31 16:38:56.105305,1
"{'fish': 'tf.Tensor(0.9824843', 'no_fish': '0.01751567]],'}",[uploaded_image.link],2023-01-31 16:38:57.746663,1
"{'fish': 'tf.Tensor(0.9943198', 'no_fish': '0.00568015]],'}",[uploaded_image.link],2023-01-31 16:38:59.203446,1
"{'fish': 'tf.Tensor(0.9913105', 'no_fish': '0.00868955]],'}",[uploaded_image.link],2023-01-31 16:39:00.590735,1
"{'fish': 'tf.Tensor(0.9961175', 'no_fish': '0.00388253]],'}",[uploaded_image.link],2023-01-31 16:39:02.194114,1
"{'fish': 'tf.Tensor(0.9813634', 'no_fish': '0.01863665]],'}",[uploaded_image.link],2023-01-31 16:39:04.071386,1
"{'fish': 'tf.Tensor(0.9845879', 'no_fish': '0.01541212]],'}",[uploaded_image.link],2023-01-31 16:39:05.710166,1
"{'fish': 'tf.Tensor(0.983703', 'no_fish': '0.016297]],'}",[uploaded_image.link],2023-01-31 16:39:07.318548,1
"{'fish': 'tf.Tensor(0.993863', 'no_fish': '0.00613707]],'}",[uploaded_image.link],2023-01-31 16:39:08.886764,1
"{'fish': 'tf.Tensor(0.97640705', 'no_fish': '0.02359297]],'}",[uploaded_image.link],2023-01-31 16:39:10.428562,1
"{'fish': 'tf.Tensor(0.99338865', 'no_fish': '0.00661135]],'}",[uploaded_image.link],2023-01-31 16:39:11.959842,1
"{'fish': 'tf.Tensor(0.9772372', 'no_fish': '0.02276282]],'}",[uploaded_image.link],2023-01-31 16:39:13.354533,1
"{'fish': 'tf.Tensor(0.98930734', 'no_fish': '0.01069264]],'}",[uploaded_image.link],2023-01-31 16:39:14.817545,1
"{'fish': 'tf.Tensor(0.99534386', 'no_fish': '0.00465606]],'}",[uploaded_image.link],2023-01-31 16:39:16.264689,1
"{'fish': 'tf.Tensor(0.98978734', 'no_fish': '0.01021261]],'}",[uploaded_image.link],2023-01-31 16:39:17.702188,1
"{'fish': 'tf.Tensor(0.9663203', 'no_fish': '0.03367975]],'}",[uploaded_image.link],2023-01-31 16:39:19.128946,1
"{'fish': 'tf.Tensor(0.9785726', 'no_fish': '0.02142742]],'}",[uploaded_image.link],2023-01-31 16:39:21.059616,1
"{'fish': 'tf.Tensor(0.98692816', 'no_fish': '0.01307187]],'}",[uploaded_image.link],2023-01-31 16:39:22.549224,1
"{'fish': 'tf.Tensor(0.9807761', 'no_fish': '0.01922394]],'}",[uploaded_image.link],2023-01-31 16:39:24.258233,1
"{'fish': 'tf.Tensor(0.9812167', 'no_fish': '0.01878325]],'}",[uploaded_image.link],2023-01-31 16:39:25.748195,1
"{'fish': 'tf.Tensor(0.99897194', 'no_fish': '0.00102805]],'}",[uploaded_image.link],2023-01-31 16:39:27.242769,1
"{'fish': 'tf.Tensor(0.9977277', 'no_fish': '0.00227232]],'}",[uploaded_image.link],2023-01-31 16:39:28.756993,1
"{'fish': 'tf.Tensor(0.99436694', 'no_fish': '0.00563305]],'}",[uploaded_image.link],2023-01-31 16:39:30.278169,1
"{'fish': 'tf.Tensor(0.95240813', 'no_fish': '0.04759182]],'}",[uploaded_image.link],2023-01-31 16:39:31.865276,1
"{'fish': 'tf.Tensor(0.95694524', 'no_fish': '0.04305471]],'}",[uploaded_image.link],2023-01-31 16:39:33.403295,1
"{'fish': 'tf.Tensor(0.9737777', 'no_fish': '0.02622226]],'}",[uploaded_image.link],2023-01-31 16:39:34.917499,1
"{'fish': 'tf.Tensor(0.9622396', 'no_fish': '0.03776039]],'}",[uploaded_image.link],2023-01-31 16:39:36.428901,1
"{'fish': 'tf.Tensor(0.87367356', 'no_fish': '0.1263265'}",[uploaded_image.link],2023-01-31 16:39:38.017377,1
"{'fish': 'tf.Tensor(0.96491045', 'no_fish': '0.03508958]],'}",[uploaded_image.link],2023-01-31 16:39:39.537641,1
"{'fish': 'tf.Tensor(0.9504755', 'no_fish': '0.04952449]],'}",[uploaded_image.link],2023-01-31 16:39:41.144920,1
"{'fish': 'tf.Tensor(0.9820889', 'no_fish': '0.01791105]],'}",[uploaded_image.link],2023-01-31 16:39:42.843361,1
"{'fish': 'tf.Tensor(0.9811307', 'no_fish': '0.0188693]],'}",[uploaded_image.link],2023-01-31 16:39:44.486337,1
"{'fish': 'tf.Tensor(0.99017555', 'no_fish': '0.0098244'}",[uploaded_image.link],2023-01-31 16:39:46.102488,1
"{'fish': 'tf.Tensor(0.95015955', 'no_fish': '0.04984048]],'}",[uploaded_image.link],2023-01-31 16:39:47.745719,1
"{'fish': 'tf.Tensor(0.96335727', 'no_fish': '0.03664269]],'}",[uploaded_image.link],2023-01-31 16:39:49.254303,1
"{'fish': 'tf.Tensor(0.9442831', 'no_fish': '0.05571692]],'}",[uploaded_image.link],2023-01-31 16:39:50.804200,1
"{'fish': 'tf.Tensor(0.97433823', 'no_fish': '0.02566174]],'}",[uploaded_image.link],2023-01-31 16:39:52.375076,1
"{'fish': 'tf.Tensor(0.98564225', 'no_fish': '0.0143577'}",[uploaded_image.link],2023-01-31 16:39:53.995833,1
"{'fish': 'tf.Tensor(0.99380904', 'no_fish': '0.00619097]],'}",[uploaded_image.link],2023-01-31 16:39:55.505592,1
"{'fish': 'tf.Tensor(0.98517376', 'no_fish': '0.0148262'}",[uploaded_image.link],2023-01-31 16:39:57.037737,1
"{'fish': 'tf.Tensor(0.9711128', 'no_fish': '0.0288872]],'}",[uploaded_image.link],2023-01-31 16:39:58.576883,1
"{'fish': 'tf.Tensor(0.958229', 'no_fish': '0.04177103]],'}",[uploaded_image.link],2023-01-31 16:40:00.178066,1
"{'fish': 'tf.Tensor(0.9880691', 'no_fish': '0.01193091]],'}",[uploaded_image.link],2023-01-31 16:40:01.855812,1
"{'fish': 'tf.Tensor(0.97534764', 'no_fish': '0.02465242]],'}",[uploaded_image.link],2023-01-31 16:40:03.428275,1
"{'fish': 'tf.Tensor(0.95555747', 'no_fish': '0.04444247]],'}",[uploaded_image.link],2023-01-31 16:40:05.008063,1
"{'fish': 'tf.Tensor(0.9629981', 'no_fish': '0.03700189]],'}",[uploaded_image.link],2023-01-31 16:40:06.553875,1
"{'fish': 'tf.Tensor(0.979182', 'no_fish': '0.02081796]],'}",[uploaded_image.link],2023-01-31 16:40:08.131117,1
"{'fish': 'tf.Tensor(0.9902136', 'no_fish': '0.00978644]],'}",[uploaded_image.link],2023-01-31 16:40:09.798150,1
"{'fish': 'tf.Tensor(0.9925391', 'no_fish': '0.00746094]],'}",[uploaded_image.link],2023-01-31 16:40:12.359651,1
"{'fish': 'tf.Tensor(0.98769605', 'no_fish': '0.012304'}",[uploaded_image.link],2023-01-31 16:40:13.884850,1
"{'fish': 'tf.Tensor(0.990324', 'no_fish': '0.00967595]],'}",[uploaded_image.link],2023-01-31 16:40:15.423402,1
"{'fish': 'tf.Tensor(0.9965314', 'no_fish': '0.00346862]],'}",[uploaded_image.link],2023-01-31 16:40:16.952755,1
"{'fish': 'tf.Tensor(0.9940253', 'no_fish': '0.0059747]],'}",[uploaded_image.link],2023-01-31 16:40:18.411717,1
"{'fish': 'tf.Tensor(0.99227315', 'no_fish': '0.00772676]],'}",[uploaded_image.link],2023-01-31 16:40:19.954417,1
"{'fish': 'tf.Tensor(0.96601874', 'no_fish': '0.03398131]],'}",[uploaded_image.link],2023-01-31 16:40:21.592038,1
"{'fish': 'tf.Tensor(0.97118944', 'no_fish': '0.02881061]],'}",[uploaded_image.link],2023-01-31 16:40:23.264475,1
"{'fish': 'tf.Tensor(0.9805906', 'no_fish': '0.01940945]],'}",[uploaded_image.link],2023-01-31 16:40:24.909548,1
"{'fish': 'tf.Tensor(0.996031', 'no_fish': '0.00396905]],'}",[uploaded_image.link],2023-01-31 16:40:26.383909,1
"{'fish': 'tf.Tensor(0.981485', 'no_fish': '0.01851495]],'}",[uploaded_image.link],2023-01-31 16:40:27.912851,1
"{'fish': 'tf.Tensor(0.9883138', 'no_fish': '0.01168621]],'}",[uploaded_image.link],2023-01-31 16:40:29.412949,1
"{'fish': 'tf.Tensor(0.98902494', 'no_fish': '0.01097507]],'}",[uploaded_image.link],2023-01-31 16:40:30.887017,1
"{'fish': 'tf.Tensor(0.97767967', 'no_fish': '0.02232033]],'}",[uploaded_image.link],2023-01-31 16:40:32.373413,1
"{'fish': 'tf.Tensor(0.9765121', 'no_fish': '0.02348787]],'}",[uploaded_image.link],2023-01-31 16:40:33.956249,1
"{'fish': 'tf.Tensor(0.9604688', 'no_fish': '0.03953112]],'}",[uploaded_image.link],2023-01-31 16:40:35.477918,1
"{'fish': 'tf.Tensor(0.89134395', 'no_fish': '0.1086561'}",[uploaded_image.link],2023-01-31 16:40:37.010052,1
"{'fish': 'tf.Tensor(0.9404835', 'no_fish': '0.05951651]],'}",[uploaded_image.link],2023-01-31 16:40:38.572778,1
"{'fish': 'tf.Tensor(0.9812982', 'no_fish': '0.01870183]],'}",[uploaded_image.link],2023-01-31 16:40:40.044657,1
"{'fish': 'tf.Tensor(0.9462671', 'no_fish': '0.05373288]],'}",[uploaded_image.link],2023-01-31 16:40:41.508229,1
"{'fish': 'tf.Tensor(0.96117616', 'no_fish': '0.0388239'}",[uploaded_image.link],2023-01-31 16:40:43.139071,1
"{'fish': 'tf.Tensor(0.85692024', 'no_fish': '0.14307973]],'}",[uploaded_image.link],2023-01-31 16:40:44.707750,1
"{'fish': 'tf.Tensor(0.96298087', 'no_fish': '0.0370191'}",[uploaded_image.link],2023-01-31 16:40:46.105561,1
"{'fish': 'tf.Tensor(0.9731232', 'no_fish': '0.02687678]],'}",[uploaded_image.link],2023-01-31 16:40:47.564412,1
"{'fish': 'tf.Tensor(0.9588922', 'no_fish': '0.0411078]],'}",[uploaded_image.link],2023-01-31 16:40:49.092186,1
"{'fish': 'tf.Tensor(0.9729863', 'no_fish': '0.02701369]],'}",[uploaded_image.link],2023-01-31 16:40:50.518463,1
"{'fish': 'tf.Tensor(0.96094084', 'no_fish': '0.03905917]],'}",[uploaded_image.link],2023-01-31 16:40:52.237933,1
"{'fish': 'tf.Tensor(0.9500842', 'no_fish': '0.04991578]],'}",[uploaded_image.link],2023-01-31 16:40:54.015363,1
"{'fish': 'tf.Tensor(0.97816545', 'no_fish': '0.02183457]],'}",[uploaded_image.link],2023-01-31 16:40:55.724654,1
"{'fish': 'tf.Tensor(0.98287016', 'no_fish': '0.01712984]],'}",[uploaded_image.link],2023-01-31 16:40:57.394026,1
"{'fish': 'tf.Tensor(0.99443746', 'no_fish': '0.0055625'}",[uploaded_image.link],2023-01-31 16:40:58.831527,1
"{'fish': 'tf.Tensor(0.98724896', 'no_fish': '0.01275101]],'}",[uploaded_image.link],2023-01-31 16:41:00.363747,1
"{'fish': 'tf.Tensor(0.98102045', 'no_fish': '0.01897954]],'}",[uploaded_image.link],2023-01-31 16:41:01.992306,1
"{'fish': 'tf.Tensor(0.9664501', 'no_fish': '0.03354987]],'}",[uploaded_image.link],2023-01-31 16:41:03.406459,1
"{'fish': 'tf.Tensor(0.9264783', 'no_fish': '0.07352167]],'}",[uploaded_image.link],2023-01-31 16:41:05.065048,1
"{'fish': 'tf.Tensor(0.9686696', 'no_fish': '0.03133036]],'}",[uploaded_image.link],2023-01-31 16:41:06.523935,1
"{'fish': 'tf.Tensor(0.9747737', 'no_fish': '0.02522631]],'}",[uploaded_image.link],2023-01-31 16:41:08.041145,1
"{'fish': 'tf.Tensor(0.97354186', 'no_fish': '0.02645817]],'}",[uploaded_image.link],2023-01-31 16:41:09.215526,1
"{'fish': 'tf.Tensor(0.8925836', 'no_fish': '0.1074164]],'}",[uploaded_image.link],2023-01-31 16:44:13.927670,1
"{'fish': 'tf.Tensor(0.7068103', 'no_fish': '0.29318967]],'}",[uploaded_image.link],2023-01-31 16:44:16.156845,1
"{'fish': 'tf.Tensor(0.6167703', 'no_fish': '0.38322967]],'}",[uploaded_image.link],2023-01-31 16:44:17.620409,1
"{'fish': 'tf.Tensor(0.882464', 'no_fish': '0.11753605]],'}",[uploaded_image.link],2023-01-31 16:44:19.043474,1
"{'fish': 'tf.Tensor(0.83079064', 'no_fish': '0.16920933]],'}",[uploaded_image.link],2023-01-31 16:44:20.953868,1
"{'fish': 'tf.Tensor(0.60196996', 'no_fish': '0.39803'}",[uploaded_image.link],2023-01-31 16:44:22.720910,1
"{'fish': 'tf.Tensor(0.84334654', 'no_fish': '0.15665339]],'}",[uploaded_image.link],2023-01-31 16:44:24.173854,1
"{'fish': 'tf.Tensor(0.9631019', 'no_fish': '0.03689805]],'}",[uploaded_image.link],2023-01-31 16:44:25.653361,1
"{'fish': 'tf.Tensor(0.83976454', 'no_fish': '0.16023545]],'}",[uploaded_image.link],2023-01-31 16:44:27.115760,1
"{'fish': 'tf.Tensor(0.6079466', 'no_fish': '0.39205343]],'}",[uploaded_image.link],2023-01-31 16:44:28.535298,1
"{'fish': 'tf.Tensor(0.93769646', 'no_fish': '0.0623035'}",[uploaded_image.link],2023-01-31 16:44:34.815946,1
"{'fish': 'tf.Tensor(0.99543864', 'no_fish': '0.00456142]],'}",[uploaded_image.link],2023-01-31 16:44:36.320248,1
"{'fish': 'tf.Tensor(0.9655762', 'no_fish': '0.03442383]],'}",[uploaded_image.link],2023-01-31 16:44:37.780506,1
"{'fish': 'tf.Tensor(0.70441765', 'no_fish': '0.29558238]],'}",[uploaded_image.link],2023-01-31 16:44:39.198444,1
"{'fish': 'tf.Tensor(0.8889714', 'no_fish': '0.11102863]],'}",[uploaded_image.link],2023-01-31 16:44:40.674286,1
"{'fish': 'tf.Tensor(0.9314406', 'no_fish': '0.06855936]],'}",[uploaded_image.link],2023-01-31 16:44:42.106884,1
"{'fish': 'tf.Tensor(0.98404735', 'no_fish': '0.01595268]],'}",[uploaded_image.link],2023-01-31 16:44:43.477578,1
"{'fish': 'tf.Tensor(0.9937968', 'no_fish': '0.00620315]],'}",[uploaded_image.link],2023-01-31 16:44:44.122299,1
"{'fish': 'tf.Tensor(0.8925836', 'no_fish': '0.1074164]],'}",[uploaded_image.link],2023-01-31 16:46:54.244203,1
"{'fish': 'tf.Tensor(0.7068103', 'no_fish': '0.29318967]],'}",[uploaded_image.link],2023-01-31 16:46:56.489152,1
"{'fish': 'tf.Tensor(0.6167703', 'no_fish': '0.38322967]],'}",[uploaded_image.link],2023-01-31 16:46:58.003132,1
"{'fish': 'tf.Tensor(0.882464', 'no_fish': '0.11753605]],'}",[uploaded_image.link],2023-01-31 16:46:59.430207,1
"{'fish': 'tf.Tensor(0.83079064', 'no_fish': '0.16920933]],'}",[uploaded_image.link],2023-01-31 16:47:01.192763,1
"{'fish': 'tf.Tensor(0.60196996', 'no_fish': '0.39803'}",[uploaded_image.link],2023-01-31 16:47:03.089645,1
"{'fish': 'tf.Tensor(0.84334654', 'no_fish': '0.15665339]],'}",[uploaded_image.link],2023-01-31 16:47:04.587427,1
"{'fish': 'tf.Tensor(0.9631019', 'no_fish': '0.03689805]],'}",[uploaded_image.link],2023-01-31 16:47:06.103989,1
"{'fish': 'tf.Tensor(0.83976454', 'no_fish': '0.16023545]],'}",[uploaded_image.link],2023-01-31 16:47:07.588967,1
"{'fish': 'tf.Tensor(0.6079466', 'no_fish': '0.39205343]],'}",[uploaded_image.link],2023-01-31 16:47:09.085007,1
"{'fish': 'tf.Tensor(0.93769646', 'no_fish': '0.0623035'}",[uploaded_image.link],2023-01-31 16:47:15.323325,1
"{'fish': 'tf.Tensor(0.99543864', 'no_fish': '0.00456142]],'}",[uploaded_image.link],2023-01-31 16:47:16.938542,1
"{'fish': 'tf.Tensor(0.9655762', 'no_fish': '0.03442383]],'}",[uploaded_image.link],2023-01-31 16:47:18.520078,1
"{'fish': 'tf.Tensor(0.70441765', 'no_fish': '0.29558238]],'}",[uploaded_image.link],2023-01-31 16:47:20.160180,1
"{'fish': 'tf.Tensor(0.8889714', 'no_fish': '0.11102863]],'}",[uploaded_image.link],2023-01-31 16:47:21.655279,1
"{'fish': 'tf.Tensor(0.9314406', 'no_fish': '0.06855936]],'}",[uploaded_image.link],2023-01-31 16:47:23.188396,1
"{'fish': 'tf.Tensor(0.98404735', 'no_fish': '0.01595268]],'}",[uploaded_image.link],2023-01-31 16:47:24.640546,1
"{'fish': 'tf.Tensor(0.9937968', 'no_fish': '0.00620315]],'}",[uploaded_image.link],2023-01-31 16:47:26.132729,1
"{'fish': 'tf.Tensor(0.9231249', 'no_fish': '0.07687504]],'}",[uploaded_image.link],2023-01-31 16:47:27.544899,1
"{'fish': 'tf.Tensor(0.9706489', 'no_fish': '0.02935111]],'}",[uploaded_image.link],2023-01-31 16:47:29.146559,1
"{'fish': 'tf.Tensor(0.58068055', 'no_fish': '0.41931945]],'}",[uploaded_image.link],2023-01-31 16:47:30.548595,1
"{'fish': 'tf.Tensor(0.6544374', 'no_fish': '0.34556258]],'}",[uploaded_image.link],2023-01-31 16:47:32.129670,1
"{'fish': 'tf.Tensor(0.551644', 'no_fish': '0.44835594]],'}",[uploaded_image.link],2023-01-31 16:47:33.652323,1
"{'fish': 'tf.Tensor(0.63788676', 'no_fish': '0.36211327]],'}",[uploaded_image.link],2023-01-31 16:47:35.195315,1
"{'fish': 'tf.Tensor(0.60051733', 'no_fish': '0.39948267]],'}",[uploaded_image.link],2023-01-31 16:47:36.840083,1
"{'fish': 'tf.Tensor(0.9676321', 'no_fish': '0.03236789]],'}",[uploaded_image.link],2023-01-31 16:47:47.459695,1
"{'fish': 'tf.Tensor(0.7744341', 'no_fish': '0.22556594]],'}",[uploaded_image.link],2023-01-31 16:47:49.188706,1
"{'fish': 'tf.Tensor(0.9700476', 'no_fish': '0.02995243]],'}",[uploaded_image.link],2023-01-31 16:47:52.649756,1
"{'fish': 'tf.Tensor(0.95911765', 'no_fish': '0.04088231]],'}",[uploaded_image.link],2023-01-31 16:47:54.225919,1
"{'fish': 'tf.Tensor(0.96986276', 'no_fish': '0.03013721]],'}",[uploaded_image.link],2023-01-31 16:48:00.621124,1
"{'fish': 'tf.Tensor(0.8716266', 'no_fish': '0.12837332]],'}",[uploaded_image.link],2023-01-31 16:48:02.157056,1
"{'fish': 'tf.Tensor(0.7347159', 'no_fish': '0.26528415]],'}",[uploaded_image.link],2023-01-31 16:48:03.638682,1
"{'fish': 'tf.Tensor(0.7042704', 'no_fish': '0.29572958]],'}",[uploaded_image.link],2023-01-31 16:48:09.539377,1
"{'fish': 'tf.Tensor(0.7808832', 'no_fish': '0.21911684]],'}",[uploaded_image.link],2023-01-31 16:48:12.487280,1
"{'fish': 'tf.Tensor(0.8925836', 'no_fish': '0.1074164]],'}",[uploaded_image.link],2023-01-31 16:48:32.036869,1
"{'fish': 'tf.Tensor(0.7068103', 'no_fish': '0.29318967]],'}",[uploaded_image.link],2023-01-31 16:48:34.279820,1
"{'fish': 'tf.Tensor(0.6167703', 'no_fish': '0.38322967]],'}",[uploaded_image.link],2023-01-31 16:48:35.705956,1
"{'fish': 'tf.Tensor(0.882464', 'no_fish': '0.11753605]],'}",[uploaded_image.link],2023-01-31 16:48:37.233854,1
"{'fish': 'tf.Tensor(0.83079064', 'no_fish': '0.16920933]],'}",[uploaded_image.link],2023-01-31 16:48:39.030576,1
"{'fish': 'tf.Tensor(0.60196996', 'no_fish': '0.39803'}",[uploaded_image.link],2023-01-31 16:48:40.976826,1
"{'fish': 'tf.Tensor(0.84334654', 'no_fish': '0.15665339]],'}",[uploaded_image.link],2023-01-31 16:48:43.455774,1
"{'fish': 'tf.Tensor(0.9631019', 'no_fish': '0.03689805]],'}",[uploaded_image.link],2023-01-31 16:48:45.130514,1
"{'fish': 'tf.Tensor(0.83976454', 'no_fish': '0.16023545]],'}",[uploaded_image.link],2023-01-31 16:48:46.668063,1
"{'fish': 'tf.Tensor(0.6079466', 'no_fish': '0.39205343]],'}",[uploaded_image.link],2023-01-31 16:48:48.065135,1
"{'fish': 'tf.Tensor(0.93769646', 'no_fish': '0.0623035'}",[uploaded_image.link],2023-01-31 16:48:54.217591,1
"{'fish': 'tf.Tensor(0.99543864', 'no_fish': '0.00456142]],'}",[uploaded_image.link],2023-01-31 16:48:55.644652,1
"{'fish': 'tf.Tensor(0.9655762', 'no_fish': '0.03442383]],'}",[uploaded_image.link],2023-01-31 16:48:57.065795,1
"{'fish': 'tf.Tensor(0.70441765', 'no_fish': '0.29558238]],'}",[uploaded_image.link],2023-01-31 16:48:58.428355,1
"{'fish': 'tf.Tensor(0.8889714', 'no_fish': '0.11102863]],'}",[uploaded_image.link],2023-01-31 16:48:59.867368,1
"{'fish': 'tf.Tensor(0.9314406', 'no_fish': '0.06855936]],'}",[uploaded_image.link],2023-01-31 16:49:01.614613,1
"{'fish': 'tf.Tensor(0.98404735', 'no_fish': '0.01595268]],'}",[uploaded_image.link],2023-01-31 16:49:03.140500,1
"{'fish': 'tf.Tensor(0.9937968', 'no_fish': '0.00620315]],'}",[uploaded_image.link],2023-01-31 16:49:04.571578,1
"{'fish': 'tf.Tensor(0.9231249', 'no_fish': '0.07687504]],'}",[uploaded_image.link],2023-01-31 16:49:06.220003,1
"{'fish': 'tf.Tensor(0.9706489', 'no_fish': '0.02935111]],'}",[uploaded_image.link],2023-01-31 16:49:07.662376,1
"{'fish': 'tf.Tensor(0.58068055', 'no_fish': '0.41931945]],'}",[uploaded_image.link],2023-01-31 16:49:09.096157,1
"{'fish': 'tf.Tensor(0.6544374', 'no_fish': '0.34556258]],'}",[uploaded_image.link],2023-01-31 16:49:10.635166,1
"{'fish': 'tf.Tensor(0.551644', 'no_fish': '0.44835594]],'}",[uploaded_image.link],2023-01-31 16:49:12.046104,1
"{'fish': 'tf.Tensor(0.63788676', 'no_fish': '0.36211327]],'}",[uploaded_image.link],2023-01-31 16:49:13.461810,1
"{'fish': 'tf.Tensor(0.60051733', 'no_fish': '0.39948267]],'}",[uploaded_image.link],2023-01-31 16:49:15.024000,1
"{'fish': 'tf.Tensor(0.9676321', 'no_fish': '0.03236789]],'}",[uploaded_image.link],2023-01-31 16:49:25.741785,1
"{'fish': 'tf.Tensor(0.7744341', 'no_fish': '0.22556594]],'}",[uploaded_image.link],2023-01-31 16:49:27.139353,1
"{'fish': 'tf.Tensor(0.9700476', 'no_fish': '0.02995243]],'}",[uploaded_image.link],2023-01-31 16:49:30.382545,1
"{'fish': 'tf.Tensor(0.95911765', 'no_fish': '0.04088231]],'}",[uploaded_image.link],2023-01-31 16:49:31.757000,1
"{'fish': 'tf.Tensor(0.96986276', 'no_fish': '0.03013721]],'}",[uploaded_image.link],2023-01-31 16:49:37.904176,1
"{'fish': 'tf.Tensor(0.8716266', 'no_fish': '0.12837332]],'}",[uploaded_image.link],2023-01-31 16:49:39.406125,1
"{'fish': 'tf.Tensor(0.7347159', 'no_fish': '0.26528415]],'}",[uploaded_image.link],2023-01-31 16:49:40.945459,1
"{'fish': 'tf.Tensor(0.7042704', 'no_fish': '0.29572958]],'}",[uploaded_image.link],2023-01-31 16:49:47.498668,1
"{'fish': 'tf.Tensor(0.7808832', 'no_fish': '0.21911684]],'}",[uploaded_image.link],2023-01-31 16:49:50.722412,1
"{'fish': 'tf.Tensor(0.5231529', 'no_fish': '0.47684714]],'}",[uploaded_image.link],2023-01-31 16:49:52.234593,1
"{'fish': 'tf.Tensor(0.8705684', 'no_fish': '0.12943159]],'}",[uploaded_image.link],2023-01-31 16:50:03.583952,1
"{'fish': 'tf.Tensor(0.9148072', 'no_fish': '0.0851928]],'}",[uploaded_image.link],2023-01-31 16:50:05.818022,1
"{'fish': 'tf.Tensor(0.9769803', 'no_fish': '0.02301965]],'}",[uploaded_image.link],2023-01-31 16:50:07.731630,1
"{'fish': 'tf.Tensor(0.94660413', 'no_fish': '0.05339591]],'}",[uploaded_image.link],2023-01-31 16:50:09.517883,1
"{'fish': 'tf.Tensor(0.55722237', 'no_fish': '0.44277763]],'}",[uploaded_image.link],2023-01-31 16:50:11.104148,1
"{'fish': 'tf.Tensor(0.53118426', 'no_fish': '0.46881574]],'}",[uploaded_image.link],2023-01-31 16:50:20.468977,1
"{'fish': 'tf.Tensor(0.98424053', 'no_fish': '0.01575952]],'}",[uploaded_image.link],2023-01-31 16:50:26.977636,1
"{'fish': 'tf.Tensor(0.99366546', 'no_fish': '0.00633455]],'}",[uploaded_image.link],2023-01-31 16:50:28.519124,1
"{'fish': 'tf.Tensor(0.69357836', 'no_fish': '0.30642158]],'}",[uploaded_image.link],2023-01-31 16:50:30.096859,1
"{'fish': 'tf.Tensor(0.56185555', 'no_fish': '0.43814442]],'}",[uploaded_image.link],2023-01-31 16:50:31.551445,1
"{'fish': 'tf.Tensor(0.9994911', 'no_fish': '0.00050892]],'}",[uploaded_image.link],2023-01-31 16:50:33.276858,1
"{'fish': 'tf.Tensor(0.9669328', 'no_fish': '0.03306719]],'}",[uploaded_image.link],2023-01-31 16:50:34.821693,1
"{'fish': 'tf.Tensor(0.68887836', 'no_fish': '0.31112167]],'}",[uploaded_image.link],2023-01-31 16:50:36.276386,1
"{'fish': 'tf.Tensor(0.7666367', 'no_fish': '0.23336324]],'}",[uploaded_image.link],2023-01-31 16:50:37.782494,1
"{'fish': 'tf.Tensor(0.5993185', 'no_fish': '0.4006815]],'}",[uploaded_image.link],2023-01-31 16:50:39.257809,1
"{'fish': 'tf.Tensor(0.633383', 'no_fish': '0.366617]],'}",[uploaded_image.link],2023-01-31 16:50:40.749955,1
"{'fish': 'tf.Tensor(0.7652875', 'no_fish': '0.23471247]],'}",[uploaded_image.link],2023-01-31 16:50:42.197013,1
"{'fish': 'tf.Tensor(0.7720606', 'no_fish': '0.22793938]],'}",[uploaded_image.link],2023-01-31 16:50:44.013892,1
"{'fish': 'tf.Tensor(0.6462449', 'no_fish': '0.35375515]],'}",[uploaded_image.link],2023-01-31 16:50:48.536268,1
"{'fish': 'tf.Tensor(0.967192', 'no_fish': '0.03280803]],'}",[uploaded_image.link],2023-01-31 16:50:50.348370,1
"{'fish': 'tf.Tensor(0.98127663', 'no_fish': '0.0187234'}",[uploaded_image.link],2023-01-31 16:50:51.958395,1
"{'fish': 'tf.Tensor(0.9582577', 'no_fish': '0.04174231]],'}",[uploaded_image.link],2023-01-31 16:50:53.593087,1
"{'fish': 'tf.Tensor(0.9728285', 'no_fish': '0.02717146]],'}",[uploaded_image.link],2023-01-31 16:50:55.103916,1
"{'fish': 'tf.Tensor(0.68040377', 'no_fish': '0.31959623]],'}",[uploaded_image.link],2023-01-31 16:50:56.767936,1
"{'fish': 'tf.Tensor(0.8098016', 'no_fish': '0.19019842]],'}",[uploaded_image.link],2023-01-31 16:50:58.330291,1
"{'fish': 'tf.Tensor(0.8925836', 'no_fish': '0.1074164]],'}",[uploaded_image.link],2023-01-31 17:06:15.827047,1
"{'fish': 'tf.Tensor(0.83079064', 'no_fish': '0.16920933]],'}",[uploaded_image.link],2023-01-31 17:06:19.657283,1
"{'fish': 'tf.Tensor(0.60196996', 'no_fish': '0.39803'}",[uploaded_image.link],2023-01-31 17:06:21.475792,1
"{'fish': 'tf.Tensor(0.93769646', 'no_fish': '0.0623035'}",[uploaded_image.link],2023-01-31 17:06:29.305747,1
"{'fish': 'tf.Tensor(0.9676321', 'no_fish': '0.03236789]],'}",[uploaded_image.link],2023-01-31 17:06:44.921912,1
"{'fish': 'tf.Tensor(0.9700476', 'no_fish': '0.02995243]],'}",[uploaded_image.link],2023-01-31 17:06:48.819176,1
"{'fish': 'tf.Tensor(0.96986276', 'no_fish': '0.03013721]],'}",[uploaded_image.link],2023-01-31 17:06:55.627591,1
"{'fish': 'tf.Tensor(0.7042704', 'no_fish': '0.29572958]],'}",[uploaded_image.link],2023-01-31 17:07:02.446041,1
"{'fish': 'tf.Tensor(0.7808832', 'no_fish': '0.21911684]],'}",[uploaded_image.link],2023-01-31 17:07:05.501108,1
"{'fish': 'tf.Tensor(0.8705684', 'no_fish': '0.12943159]],'}",[uploaded_image.link],2023-01-31 17:07:15.426412,1
"{'fish': 'tf.Tensor(0.53118426', 'no_fish': '0.46881574]],'}",[uploaded_image.link],2023-01-31 17:07:26.013568,1
"{'fish': 'tf.Tensor(0.98424053', 'no_fish': '0.01575952]],'}",[uploaded_image.link],2023-01-31 17:07:32.611841,1
"{'fish': 'tf.Tensor(0.9994911', 'no_fish': '0.00050892]],'}",[uploaded_image.link],2023-01-31 17:07:36.629711,1
"{'fish': 'tf.Tensor(0.6462449', 'no_fish': '0.35375515]],'}",[uploaded_image.link],2023-01-31 17:07:43.685264,1
"{'fish': 'tf.Tensor(0.967192', 'no_fish': '0.03280803]],'}",[uploaded_image.link],2023-01-31 17:07:45.692812,1
"{'fish': 'tf.Tensor(0.8925836', 'no_fish': '0.1074164]],'}",[uploaded_image.link],2023-01-31 17:54:39.838951,1
"{'fish': 'tf.Tensor(0.83079064', 'no_fish': '0.16920933]],'}",[uploaded_image.link],2023-01-31 17:54:43.703540,1
"{'fish': 'tf.Tensor(0.60196996', 'no_fish': '0.39803'}",[uploaded_image.link],2023-01-31 17:54:45.518554,1
"{'fish': 'tf.Tensor(0.93769646', 'no_fish': '0.0623035'}",[uploaded_image.link],2023-01-31 17:54:52.964169,1
"{'fish': 'tf.Tensor(0.9676321', 'no_fish': '0.03236789]],'}",[uploaded_image.link],2023-01-31 17:55:08.247667,1
"{'fish': 'tf.Tensor(0.9700476', 'no_fish': '0.02995243]],'}",[uploaded_image.link],2023-01-31 17:55:11.967188,1
"{'fish': 'tf.Tensor(0.96986276', 'no_fish': '0.03013721]],'}",[uploaded_image.link],2023-01-31 17:55:18.411639,1
"{'fish': 'tf.Tensor(0.7042704', 'no_fish': '0.29572958]],'}",[uploaded_image.link],2023-01-31 17:55:24.922193,1
"{'fish': 'tf.Tensor(0.7808832', 'no_fish': '0.21911684]],'}",[uploaded_image.link],2023-01-31 17:55:27.803915,1
"{'fish': 'tf.Tensor(0.8705684', 'no_fish': '0.12943159]],'}",[uploaded_image.link],2023-01-31 17:55:37.311446,1
"{'fish': 'tf.Tensor(0.53118426', 'no_fish': '0.46881574]],'}",[uploaded_image.link],2023-01-31 17:55:47.740475,1
"{'fish': 'tf.Tensor(0.98424053', 'no_fish': '0.01575952]],'}",[uploaded_image.link],2023-01-31 17:55:55.570988,1
"{'fish': 'tf.Tensor(0.9994911', 'no_fish': '0.00050892]],'}",[uploaded_image.link],2023-01-31 17:55:58.615994,1
"{'fish': 'tf.Tensor(0.6462449', 'no_fish': '0.35375515]],'}",[uploaded_image.link],2023-01-31 17:56:06.779837,1
"{'fish': 'tf.Tensor(0.967192', 'no_fish': '0.03280803]],'}",[uploaded_image.link],2023-01-31 17:56:08.614601,1
"{'fish': 'tf.Tensor(0.5362432', 'no_fish': '0.46375683]],'}",[uploaded_image.link],2023-01-31 17:56:13.958901,1
"{'fish': 'tf.Tensor(0.5607145', 'no_fish': '0.43928555]],'}",[uploaded_image.link],2023-01-31 17:56:15.855096,1
"{'fish': 'tf.Tensor(0.52994543', 'no_fish': '0.47005454]],'}",[uploaded_image.link],2023-01-31 17:56:34.126395,1
"{'fish': 'tf.Tensor(0.6367906', 'no_fish': '0.3632094]],'}",[uploaded_image.link],2023-01-31 17:56:40.299053,1
"{'fish': 'tf.Tensor(0.72450423', 'no_fish': '0.27549577]],'}",[uploaded_image.link],2023-01-31 17:56:42.393250,1
"{'fish': 'tf.Tensor(0.62333715', 'no_fish': '0.37666285]],'}",[uploaded_image.link],2023-01-31 17:56:45.990252,1
"{'fish': 'tf.Tensor(0.9967733', 'no_fish': '0.00322673]],'}",[uploaded_image.link],2023-01-31 17:56:56.212911,1
"{'fish': 'tf.Tensor(0.82941717', 'no_fish': '0.17058286]],'}",[uploaded_image.link],2023-01-31 17:57:06.183837,1
"{'fish': 'tf.Tensor(0.7136776', 'no_fish': '0.28632233]],'}",[uploaded_image.link],2023-01-31 17:57:16.150497,1
"{'fish': 'tf.Tensor(0.86254615', 'no_fish': '0.13745382]],'}",[uploaded_image.link],2023-01-31 17:57:18.312943,1
"{'fish': 'tf.Tensor(0.60646445', 'no_fish': '0.39353555]],'}",[uploaded_image.link],2023-01-31 17:57:21.795345,1
"{'fish': 'tf.Tensor(0.9398657', 'no_fish': '0.06013427]],'}",[uploaded_image.link],2023-01-31 17:57:24.256474,1
"{'fish': 'tf.Tensor(0.75232154', 'no_fish': '0.2476784'}",[uploaded_image.link],2023-01-31 17:57:35.688659,1
"{'fish': 'tf.Tensor(0.59700185', 'no_fish': '0.40299815]],'}",[uploaded_image.link],2023-01-31 17:57:38.125873,1
"{'fish': 'tf.Tensor(0.901701', 'no_fish': '0.09829898]],'}",[uploaded_image.link],2023-01-31 17:57:39.887776,1
"{'fish': 'tf.Tensor(0.57105947', 'no_fish': '0.4289405'}",[uploaded_image.link],2023-01-31 17:57:50.551511,1
"{'fish': 'tf.Tensor(0.5992305', 'no_fish': '0.40076953]],'}",[uploaded_image.link],2023-01-31 17:57:54.341506,1
"{'fish': 'tf.Tensor(0.61461896', 'no_fish': '0.38538113]],'}",[uploaded_image.link],2023-01-31 17:57:57.143856,1
"{'fish': 'tf.Tensor(0.8607304', 'no_fish': '0.13926959]],'}",[uploaded_image.link],2023-01-31 17:58:00.699630,1
"{'fish': 'tf.Tensor(0.78183836', 'no_fish': '0.21816169]],'}",[uploaded_image.link],2023-01-31 17:58:09.394025,1
"{'fish': 'tf.Tensor(0.656513', 'no_fish': '0.34348705]],'}",[uploaded_image.link],2023-01-31 17:58:24.820044,1
"{'fish': 'tf.Tensor(0.9205161', 'no_fish': '0.07948387]],'}",[uploaded_image.link],2023-01-31 17:58:33.228305,1
"{'fish': 'tf.Tensor(0.64859337', 'no_fish': '0.3514067'}",[uploaded_image.link],2023-01-31 17:58:38.985833,1
"{'fish': 'tf.Tensor(0.6050062', 'no_fish': '0.39499375]],'}",[uploaded_image.link],2023-01-31 17:58:42.048226,1
"{'fish': 'tf.Tensor(0.8327388', 'no_fish': '0.16726115]],'}",[uploaded_image.link],2023-01-31 17:58:50.346638,1
"{'fish': 'tf.Tensor(0.5195566', 'no_fish': '0.48044342]],'}",[uploaded_image.link],2023-01-31 17:59:04.092258,1
"{'fish': 'tf.Tensor(0.8925836', 'no_fish': '0.1074164]],'}",[uploaded_image.link],2023-02-02 16:41:16.223898,1
"{'fish': 'tf.Tensor(0.83079064', 'no_fish': '0.16920933]],'}",[uploaded_image.link],2023-02-02 16:41:18.907773,1
"{'fish': 'tf.Tensor(0.60196996', 'no_fish': '0.39803'}",[uploaded_image.link],2023-02-02 16:41:19.745446,1
"{'fish': 'tf.Tensor(0.93769646', 'no_fish': '0.0623035'}",[uploaded_image.link],2023-02-02 16:41:26.143684,1
"{'fish': 'tf.Tensor(0.9676321', 'no_fish': '0.03236789]],'}",[uploaded_image.link],2023-02-02 16:41:40.207832,1
"{'fish': 'tf.Tensor(0.9700476', 'no_fish': '0.02995243]],'}",[uploaded_image.link],2023-02-02 16:41:42.779560,1
"{'fish': 'tf.Tensor(0.8925836', 'no_fish': '0.1074164]],'}",[uploaded_image.link],2023-02-02 16:42:08.850922,1
"{'fish': 'tf.Tensor(0.83079064', 'no_fish': '0.16920933]],'}",[uploaded_image.link],2023-02-02 16:42:11.517787,1
"{'fish': 'tf.Tensor(0.60196996', 'no_fish': '0.39803'}",[uploaded_image.link],2023-02-02 16:42:12.355601,1
"{'fish': 'tf.Tensor(0.93769646', 'no_fish': '0.0623035'}",[uploaded_image.link],2023-02-02 16:42:18.751821,1
"{'fish': 'tf.Tensor(0.9676321', 'no_fish': '0.03236789]],'}",[uploaded_image.link],2023-02-02 16:42:32.793007,1
"{'fish': 'tf.Tensor(0.9700476', 'no_fish': '0.02995243]],'}",[uploaded_image.link],2023-02-02 16:42:35.359512,1
"{'fish': 'tf.Tensor(0.96986276', 'no_fish': '0.03013721]],'}",[uploaded_image.link],2023-02-02 16:42:40.690998,1
"{'fish': 'tf.Tensor(0.7042704', 'no_fish': '0.29572958]],'}",[uploaded_image.link],2023-02-02 16:42:46.038563,1
"{'fish': 'tf.Tensor(0.7808832', 'no_fish': '0.21911684]],'}",[uploaded_image.link],2023-02-02 16:42:47.908661,1
"{'fish': 'tf.Tensor(0.8705684', 'no_fish': '0.12943159]],'}",[uploaded_image.link],2023-02-02 16:42:56.376631,1
"{'fish': 'tf.Tensor(0.53118426', 'no_fish': '0.46881574]],'}",[uploaded_image.link],2023-02-02 16:43:05.580357,1
"{'fish': 'tf.Tensor(0.98424053', 'no_fish': '0.01575952]],'}",[uploaded_image.link],2023-02-02 16:43:10.929855,1
"{'fish': 'tf.Tensor(0.9994911', 'no_fish': '0.00050892]],'}",[uploaded_image.link],2023-02-02 16:43:12.798683,1
"{'fish': 'tf.Tensor(0.6462449', 'no_fish': '0.35375515]],'}",[uploaded_image.link],2023-02-02 16:43:18.489568,1
"{'fish': 'tf.Tensor(0.967192', 'no_fish': '0.03280803]],'}",[uploaded_image.link],2023-02-02 16:43:19.331203,1
"{'fish': 'tf.Tensor(0.5362432', 'no_fish': '0.46375683]],'}",[uploaded_image.link],2023-02-02 16:43:23.684544,1
"{'fish': 'tf.Tensor(0.5607145', 'no_fish': '0.43928555]],'}",[uploaded_image.link],2023-02-02 16:43:24.501563,1
"{'fish': 'tf.Tensor(0.52994543', 'no_fish': '0.47005454]],'}",[uploaded_image.link],2023-02-02 16:43:41.454442,1
"{'fish': 'tf.Tensor(0.6367906', 'no_fish': '0.3632094]],'}",[uploaded_image.link],2023-02-02 16:43:46.430894,1
"{'fish': 'tf.Tensor(0.72450423', 'no_fish': '0.27549577]],'}",[uploaded_image.link],2023-02-02 16:43:47.606900,1
"{'fish': 'tf.Tensor(0.62333715', 'no_fish': '0.37666285]],'}",[uploaded_image.link],2023-02-02 16:43:50.176580,1
"{'fish': 'tf.Tensor(0.9967733', 'no_fish': '0.00322673]],'}",[uploaded_image.link],2023-02-02 16:43:58.987768,1
"{'fish': 'tf.Tensor(0.82941717', 'no_fish': '0.17058286]],'}",[uploaded_image.link],2023-02-02 16:44:07.843413,1
"{'fish': 'tf.Tensor(0.7136776', 'no_fish': '0.28632233]],'}",[uploaded_image.link],2023-02-02 16:44:16.639819,1
"{'fish': 'tf.Tensor(0.86254615', 'no_fish': '0.13745382]],'}",[uploaded_image.link],2023-02-02 16:44:17.818597,1
"{'fish': 'tf.Tensor(0.60646445', 'no_fish': '0.39353555]],'}",[uploaded_image.link],2023-02-02 16:44:20.295915,1
"{'fish': 'tf.Tensor(0.9398657', 'no_fish': '0.06013427]],'}",[uploaded_image.link],2023-02-02 16:44:21.827838,1
"{'fish': 'tf.Tensor(0.75232154', 'no_fish': '0.2476784'}",[uploaded_image.link],2023-02-02 16:44:32.093427,1
"{'fish': 'tf.Tensor(0.59700185', 'no_fish': '0.40299815]],'}",[uploaded_image.link],2023-02-02 16:44:33.634411,1
"{'fish': 'tf.Tensor(0.901701', 'no_fish': '0.09829898]],'}",[uploaded_image.link],2023-02-02 16:44:34.479234,1
"{'fish': 'tf.Tensor(0.57105947', 'no_fish': '0.4289405'}",[uploaded_image.link],2023-02-02 16:44:44.052268,1
"{'fish': 'tf.Tensor(0.5992305', 'no_fish': '0.40076953]],'}",[uploaded_image.link],2023-02-02 16:44:45.920568,1
"{'fish': 'tf.Tensor(0.61461896', 'no_fish': '0.38538113]],'}",[uploaded_image.link],2023-02-02 16:44:47.799062,1
"{'fish': 'tf.Tensor(0.8607304', 'no_fish': '0.13926959]],'}",[uploaded_image.link],2023-02-02 16:44:50.037673,1
"{'fish': 'tf.Tensor(0.78183836', 'no_fish': '0.21816169]],'}",[uploaded_image.link],2023-02-02 16:44:57.449740,1
"{'fish': 'tf.Tensor(0.656513', 'no_fish': '0.34348705]],'}",[uploaded_image.link],2023-02-02 16:45:11.554664,1
"{'fish': 'tf.Tensor(0.9205161', 'no_fish': '0.07948387]],'}",[uploaded_image.link],2023-02-02 16:45:17.965143,1
"{'fish': 'tf.Tensor(0.64859337', 'no_fish': '0.3514067'}",[uploaded_image.link],2023-02-02 16:45:22.298104,1
"{'fish': 'tf.Tensor(0.6050062', 'no_fish': '0.39499375]],'}",[uploaded_image.link],2023-02-02 16:45:24.194069,1
"{'fish': 'tf.Tensor(0.8327388', 'no_fish': '0.16726115]],'}",[uploaded_image.link],2023-02-02 16:45:30.933842,1
"{'fish': 'tf.Tensor(0.5195566', 'no_fish': '0.48044342]],'}",[uploaded_image.link],2023-02-02 16:45:42.915777,1
"{'fish': 'tf.Tensor(0.6286815', 'no_fish': '0.37131843]],'}",[uploaded_image.link],2023-02-02 16:46:01.497240,1
"{'fish': 'tf.Tensor(0.8082407', 'no_fish': '0.19175932]],'}",[uploaded_image.link],2023-02-02 16:46:05.842467,1
"{'fish': 'tf.Tensor(0.8330862', 'no_fish': '0.16691379]],'}",[uploaded_image.link],2023-02-02 16:46:08.771735,1
"{'fish': 'tf.Tensor(0.79453444', 'no_fish': '0.20546558]],'}",[uploaded_image.link],2023-02-02 16:46:09.605722,1
"{'fish': 'tf.Tensor(0.615517', 'no_fish': '0.38448295]],'}",[uploaded_image.link],2023-02-02 16:46:11.854701,1
"{'fish': 'tf.Tensor(0.68671215', 'no_fish': '0.31328785]],'}",[uploaded_image.link],2023-02-02 16:46:13.733376,1
"{'fish': 'tf.Tensor(0.75828034', 'no_fish': '0.24171966]],'}",[uploaded_image.link],2023-02-02 16:46:16.333808,1
"{'fish': 'tf.Tensor(0.5949375', 'no_fish': '0.40506256]],'}",[uploaded_image.link],2023-02-02 16:46:17.179210,1
"{'fish': 'tf.Tensor(0.9516623', 'no_fish': '0.04833773]],'}",[uploaded_image.link],2023-02-02 16:46:18.377343,1
"{'fish': 'tf.Tensor(0.97032243', 'no_fish': '0.02967754]],'}",[uploaded_image.link],2023-02-02 16:46:22.736755,1
"{'fish': 'tf.Tensor(0.5278484', 'no_fish': '0.47215155]],'}",[uploaded_image.link],2023-02-02 16:46:31.604819,1
"{'fish': 'tf.Tensor(0.70474917', 'no_fish': '0.2952508'}",[uploaded_image.link],2023-02-02 16:46:35.225816,1
"{'fish': 'tf.Tensor(0.5673484', 'no_fish': '0.43265158]],'}",[uploaded_image.link],2023-02-02 16:46:37.105919,1
"{'fish': 'tf.Tensor(0.7305233', 'no_fish': '0.26947665]],'}",[uploaded_image.link],2023-02-02 16:46:51.869603,1
"{'fish': 'tf.Tensor(0.99843043', 'no_fish': '0.00156953]],'}",[uploaded_image.link],2023-02-02 16:47:05.965607,1
"{'fish': 'tf.Tensor(0.6349175', 'no_fish': '0.3650825]],'}",[uploaded_image.link],2023-02-02 16:47:13.458245,1
"{'fish': 'tf.Tensor(0.93497574', 'no_fish': '0.06502426]],'}",[uploaded_image.link],2023-02-02 16:47:15.725817,1
"{'fish': 'tf.Tensor(0.8292503', 'no_fish': '0.17074972]],'}",[uploaded_image.link],2023-02-02 16:47:17.611399,1
"{'fish': 'tf.Tensor(0.64363724', 'no_fish': '0.3563627'}",[uploaded_image.link],2023-02-02 16:47:19.162482,1
"{'fish': 'tf.Tensor(0.66658986', 'no_fish': '0.3334102'}",[uploaded_image.link],2023-02-02 16:47:21.471803,1
"{'fish': 'tf.Tensor(0.58426964', 'no_fish': '0.4157303'}",[uploaded_image.link],2023-02-02 16:47:26.178188,1
"{'fish': 'tf.Tensor(0.5516517', 'no_fish': '0.44834828]],'}",[uploaded_image.link],2023-02-02 16:47:28.069007,1
"{'fish': 'tf.Tensor(0.8925836', 'no_fish': '0.1074164]],'}",[uploaded_image.link],2023-02-02 17:39:40.973144,1
"{'fish': 'tf.Tensor(0.83079064', 'no_fish': '0.16920933]],'}",[uploaded_image.link],2023-02-02 17:39:44.869895,1
"{'fish': 'tf.Tensor(0.60196996', 'no_fish': '0.39803'}",[uploaded_image.link],2023-02-02 17:39:46.752735,1
"{'fish': 'tf.Tensor(0.93769646', 'no_fish': '0.0623035'}",[uploaded_image.link],2023-02-02 17:39:54.198293,1
"{'White Sucker': <tf.Tensor: shape=(5,), dtype=float32, numpy=
array([0.02645599, 0.584057  , 0.09124494, 0.2976969 , 0.00054528],
      dtype=float32)>}",[uploaded_image.link],2023-02-02 17:43:15.671701,1
"{'White Sucker': <tf.Tensor: shape=(5,), dtype=float32, numpy=
array([0.10382752, 0.81630576, 0.02720505, 0.05210524, 0.00055652],
      dtype=float32)>}",[uploaded_image.link],2023-02-02 17:43:19.635324,1
"{'White Sucker': <tf.Tensor: shape=(5,), dtype=float32, numpy=
array([0.5080036 , 0.23155569, 0.12205399, 0.13776836, 0.00061839],
      dtype=float32)>}",[uploaded_image.link],2023-02-02 17:43:21.616651,1
"{'White Sucker': <tf.Tensor: shape=(5,), dtype=float32, numpy=
array([0.02645599, 0.584057  , 0.09124494, 0.2976969 , 0.00054528],
      dtype=float32)>}",[uploaded_image.link],2023-02-02 17:51:47.523622,1
"{'White Sucker': <tf.Tensor: shape=(5,), dtype=float32, numpy=
array([0.10382752, 0.81630576, 0.02720505, 0.05210524, 0.00055652],
      dtype=float32)>}",[uploaded_image.link],2023-02-02 17:51:51.723461,1
"{'White Sucker': <tf.Tensor: shape=(5,), dtype=float32, numpy=
array([0.5080036 , 0.23155569, 0.12205399, 0.13776836, 0.00061839],
      dtype=float32)>}",[uploaded_image.link],2023-02-02 17:51:52.839708,1
"{'White Sucker': <tf.Tensor: shape=(5,), dtype=float32, numpy=
array([0.02645599, 0.584057  , 0.09124494, 0.2976969 , 0.00054528],
      dtype=float32)>}",[uploaded_image.link],2023-02-02 17:52:41.847345,1
"{'White Sucker': <tf.Tensor: shape=(5,), dtype=float32, numpy=
array([0.10382752, 0.81630576, 0.02720505, 0.05210524, 0.00055652],
      dtype=float32)>}",[uploaded_image.link],2023-02-02 17:52:45.619577,1
"{'White Sucker': <tf.Tensor: shape=(5,), dtype=float32, numpy=
array([0.5080036 , 0.23155569, 0.12205399, 0.13776836, 0.00061839],
      dtype=float32)>}",[uploaded_image.link],2023-02-02 17:52:47.624991,1
"{'White Sucker': <tf.Tensor: shape=(5,), dtype=float32, numpy=
array([0.02645599, 0.584057  , 0.09124494, 0.2976969 , 0.00054528],
      dtype=float32)>}",[uploaded_image.link],2023-02-02 17:58:17.487443,1
"{'White Sucker': <tf.Tensor: shape=(5,), dtype=float32, numpy=
array([0.02645599, 0.584057  , 0.09124494, 0.2976969 , 0.00054528],
      dtype=float32)>}",[uploaded_image.link],2023-02-02 17:59:09.899820,1
"{'White Sucker': <tf.Tensor: shape=(5,), dtype=float32, numpy=
array([0.02645599, 0.584057  , 0.09124494, 0.2976969 , 0.00054528],
      dtype=float32)>}",[uploaded_image.link],2023-02-02 18:00:19.148800,1
"{'White Sucker': <tf.Tensor: shape=(5,), dtype=float32, numpy=
array([0.10382752, 0.81630576, 0.02720505, 0.05210524, 0.00055652],
      dtype=float32)>}",[uploaded_image.link],2023-02-02 18:00:23.070752,1
"{'White Sucker': <tf.Tensor: shape=(5,), dtype=float32, numpy=
array([0.5080036 , 0.23155569, 0.12205399, 0.13776836, 0.00061839],
      dtype=float32)>}",[uploaded_image.link],2023-02-02 18:00:25.108701,1
"{'White Sucker': <tf.Tensor: shape=(5,), dtype=float32, numpy=
array([0.02645599, 0.584057  , 0.09124494, 0.2976969 , 0.00054528],
      dtype=float32)>}",[uploaded_image.link],2023-02-07 16:32:26.815104,1
"{'White Sucker': <tf.Tensor: shape=(5,), dtype=float32, numpy=
array([0.10382752, 0.81630576, 0.02720505, 0.05210524, 0.00055652],
      dtype=float32)>}",[uploaded_image.link],2023-02-07 16:32:30.733456,1
"{'White Sucker': <tf.Tensor: shape=(5,), dtype=float32, numpy=
array([0.5080036 , 0.23155569, 0.12205399, 0.13776836, 0.00061839],
      dtype=float32)>}",[uploaded_image.link],2023-02-07 16:32:32.713486,1
"{'White Sucker': <tf.Tensor: shape=(5,), dtype=float32, numpy=
array([0.01469262, 0.00620106, 0.01381409, 0.961669  , 0.00362316],
      dtype=float32)>}",[uploaded_image.link],2023-02-07 16:32:40.395022,1
"{'White Sucker': <tf.Tensor: shape=(5,), dtype=float32, numpy=
array([0.04270755, 0.29225126, 0.33406025, 0.28447813, 0.04650288],
      dtype=float32)>}",[uploaded_image.link],2023-02-07 16:32:55.727386,1
"{'White Sucker': <tf.Tensor: shape=(5,), dtype=float32, numpy=
array([0.05831635, 0.8674887 , 0.0503252 , 0.02379799, 0.0000718 ],
      dtype=float32)>}",[uploaded_image.link],2023-02-07 16:32:59.521684,1
"{'White Sucker': <tf.Tensor: shape=(5,), dtype=float32, numpy=
array([0.02645599, 0.584057  , 0.09124494, 0.2976969 , 0.00054528],
      dtype=float32)>}",https://i.imgur.com/5uH7bPq.png,2023-02-07 16:46:02.945207,1
"{'White Sucker': <tf.Tensor: shape=(5,), dtype=float32, numpy=
array([0.10382752, 0.81630576, 0.02720505, 0.05210524, 0.00055652],
      dtype=float32)>}",https://i.imgur.com/E4aMhLf.png,2023-02-07 16:46:07.758843,1
"{'White Sucker': <tf.Tensor: shape=(5,), dtype=float32, numpy=
array([0.5080036 , 0.23155569, 0.12205399, 0.13776836, 0.00061839],
      dtype=float32)>}",https://i.imgur.com/RYK7WMu.png,2023-02-07 16:46:10.676851,1
"{'White Sucker': <tf.Tensor: shape=(5,), dtype=float32, numpy=
array([0.01469262, 0.00620106, 0.01381409, 0.961669  , 0.00362316],
      dtype=float32)>}",https://i.imgur.com/a06tXMm.png,2023-02-07 16:46:20.732972,1
